/*
Navicat MySQL Data Transfer

Source Server         : local
Source Server Version : 50651
Source Host           : localhost:63306
Source Database       : codegenerate

Target Server Type    : MYSQL
Target Server Version : 50651
File Encoding         : 65001

Date: 2021-08-09 13:03:06
*/

SET FOREIGN_KEY_CHECKS=0;

-- ----------------------------
-- Table structure for codecolumns
-- ----------------------------
DROP TABLE IF EXISTS `codecolumns`;
CREATE TABLE `codecolumns` (
  `Id` int(11) NOT NULL AUTO_INCREMENT,
  `ClassProperName` varchar(255) COLLATE utf8_bin NOT NULL,
  `DbColumnName` varchar(255) COLLATE utf8_bin NOT NULL,
  `Required` bit(1) NOT NULL,
  `IsIdentity` bit(1) NOT NULL,
  `IsPrimaryKey` bit(1) NOT NULL,
  `Description` varchar(255) COLLATE utf8_bin DEFAULT NULL,
  `CodeType` varchar(255) COLLATE utf8_bin NOT NULL,
  `CodeTableId` int(11) NOT NULL,
  PRIMARY KEY (`Id`) USING BTREE
) ENGINE=InnoDB AUTO_INCREMENT=171 DEFAULT CHARSET=utf8 COLLATE=utf8_bin ROW_FORMAT=DYNAMIC;

-- ----------------------------
-- Records of codecolumns
-- ----------------------------
INSERT INTO `codecolumns` VALUES ('1', 'Id', 'Id', '', '\0', '', 'id', 'guid', '1');
INSERT INTO `codecolumns` VALUES ('2', 'IP', 'IP', '\0', '\0', '\0', '接口地址', 'string10', '1');
INSERT INTO `codecolumns` VALUES ('3', 'MAC', 'MAC', '\0', '\0', '\0', '', 'string10', '1');
INSERT INTO `codecolumns` VALUES ('4', 'PageType', 'PageType', '\0', '\0', '\0', '', 'string10', '1');
INSERT INTO `codecolumns` VALUES ('5', 'Remark', 'Remark', '\0', '\0', '\0', '', 'string10', '1');
INSERT INTO `codecolumns` VALUES ('6', 'Poster', 'Poster', '\0', '\0', '\0', '', 'string10', '1');
INSERT INTO `codecolumns` VALUES ('7', 'ClinicId', 'ClinicId', '\0', '\0', '\0', '', 'string10', '1');
INSERT INTO `codecolumns` VALUES ('8', 'UnitId', 'UnitId', '\0', '\0', '\0', '', 'string10', '1');
INSERT INTO `codecolumns` VALUES ('9', 'DocId', 'DocId', '\0', '\0', '\0', '', 'string10', '1');
INSERT INTO `codecolumns` VALUES ('10', 'CreateTime', 'CreateTime', '\0', '\0', '\0', '创建时间', 'DateTime', '1');
INSERT INTO `codecolumns` VALUES ('11', 'State', 'State', '\0', '\0', '\0', '状态 1启用 0禁用', 'string10', '1');
INSERT INTO `codecolumns` VALUES ('12', 'Id', 'Id', '', '\0', '', '12', 'guid', '2');
INSERT INTO `codecolumns` VALUES ('13', 'DocId', 'DocId', '\0', '\0', '\0', '', 'string10', '2');
INSERT INTO `codecolumns` VALUES ('14', 'Name', 'Name', '\0', '\0', '\0', '', 'string10', '2');
INSERT INTO `codecolumns` VALUES ('15', 'Sex', 'Sex', '\0', '\0', '\0', '', 'string10', '2');
INSERT INTO `codecolumns` VALUES ('16', 'JobTitle', 'JobTitle', '\0', '\0', '\0', '医生职称', 'string10', '2');
INSERT INTO `codecolumns` VALUES ('17', 'JobNumber', 'JobNumber', '\0', '\0', '\0', '职称编号', 'string10', '2');
INSERT INTO `codecolumns` VALUES ('18', 'ComputerIP', 'ComputerIP', '\0', '\0', '\0', '', 'string10', '2');
INSERT INTO `codecolumns` VALUES ('19', 'Photo', 'Photo', '\0', '\0', '\0', '', 'maxString', '2');
INSERT INTO `codecolumns` VALUES ('20', 'ClinicId', 'ClinicId', '\0', '\0', '\0', '', 'string10', '2');
INSERT INTO `codecolumns` VALUES ('21', 'ClinicName', 'ClinicName', '\0', '\0', '\0', '', 'string10', '2');
INSERT INTO `codecolumns` VALUES ('22', 'UnitId', 'UnitId', '\0', '\0', '\0', '科室ID', 'string10', '2');
INSERT INTO `codecolumns` VALUES ('23', 'UnitName', 'UnitName', '\0', '\0', '\0', '科室名称', 'string10', '2');
INSERT INTO `codecolumns` VALUES ('24', 'RoomName', 'RoomName', '\0', '\0', '\0', '', 'string10', '2');
INSERT INTO `codecolumns` VALUES ('25', 'CreateTime', 'CreateTime', '\0', '\0', '\0', '创建时间', 'DateTime', '2');
INSERT INTO `codecolumns` VALUES ('26', 'DoctorIMG', 'DoctorIMG', '\0', '\0', '\0', '图片的URL', 'string10', '2');
INSERT INTO `codecolumns` VALUES ('27', 'State', 'State', '\0', '\0', '\0', '状态 1启用 0禁用', 'string10', '2');
INSERT INTO `codecolumns` VALUES ('28', 'Id', 'Id', '\0', '\0', '\0', '主键', 'guid', '3');
INSERT INTO `codecolumns` VALUES ('29', 'Address', 'Address', '\0', '\0', '\0', '接口地址', 'string10', '3');
INSERT INTO `codecolumns` VALUES ('30', 'Code', 'Code', '\0', '\0', '\0', '标识', 'string10', '3');
INSERT INTO `codecolumns` VALUES ('31', 'Describe', 'Describe', '\0', '\0', '\0', '功能描述', 'string10', '3');
INSERT INTO `codecolumns` VALUES ('32', 'CreateTime', 'CreateTime', '\0', '\0', '\0', '创建时间', 'DateTime', '3');
INSERT INTO `codecolumns` VALUES ('33', 'Id', 'Id', '', '\0', '', '', 'guid', '4');
INSERT INTO `codecolumns` VALUES ('34', 'RoomName', 'RoomName', '\0', '\0', '\0', '接口地址', 'string10', '4');
INSERT INTO `codecolumns` VALUES ('35', 'DoctorId', 'DoctorId', '\0', '\0', '\0', '医生表中DocId', 'string10', '4');
INSERT INTO `codecolumns` VALUES ('36', 'Name', 'Name', '\0', '\0', '\0', '', 'string10', '4');
INSERT INTO `codecolumns` VALUES ('37', 'Visiting', 'Visiting', '\0', '\0', '\0', '', 'string10', '4');
INSERT INTO `codecolumns` VALUES ('38', 'WaitQueue', 'WaitQueue', '\0', '\0', '\0', '', 'string10', '4');
INSERT INTO `codecolumns` VALUES ('39', 'State', 'State', '\0', '\0', '\0', '1：生效  2：待生效   -99已失效', 'int', '4');
INSERT INTO `codecolumns` VALUES ('40', 'CreateTime', 'CreateTime', '\0', '\0', '\0', '创建时间', 'DateTime', '4');
INSERT INTO `codecolumns` VALUES ('41', 'Id', 'Id', '', '\0', '', '', 'guid', '5');
INSERT INTO `codecolumns` VALUES ('42', 'ClinicId', 'ClinicId', '\0', '\0', '\0', '', 'string10', '5');
INSERT INTO `codecolumns` VALUES ('43', 'ClinicName', 'ClinicName', '\0', '\0', '\0', '', 'string10', '5');
INSERT INTO `codecolumns` VALUES ('44', 'Logo', 'Logo', '\0', '\0', '\0', '', 'string100', '5');
INSERT INTO `codecolumns` VALUES ('45', 'MessageContent', 'MessageContent', '\0', '\0', '\0', '', 'string10', '5');
INSERT INTO `codecolumns` VALUES ('46', 'DeviceType', 'DeviceType', '\0', '\0', '\0', '', 'string10', '5');
INSERT INTO `codecolumns` VALUES ('47', 'ClassType', 'ClassType', '\0', '\0', '\0', '', 'string10', '5');
INSERT INTO `codecolumns` VALUES ('48', 'Interval', 'Interval', '\0', '\0', '\0', '', 'string10', '5');
INSERT INTO `codecolumns` VALUES ('49', 'CreateTime', 'CreateTime', '\0', '\0', '\0', '创建时间', 'DateTime', '5');
INSERT INTO `codecolumns` VALUES ('50', 'HospitalLogoURL', 'HospitalLogoURL', '\0', '\0', '\0', '医院的Logo图片URL 候诊列表专用', 'string10', '5');
INSERT INTO `codecolumns` VALUES ('51', 'HospitalLogoURL1', 'HospitalLogoURL1', '\0', '\0', '\0', '在诊室门口专用', 'string10', '5');
INSERT INTO `codecolumns` VALUES ('52', 'Id', 'Id', '', '\0', '', '', 'guid', '6');
INSERT INTO `codecolumns` VALUES ('53', 'UnitId', 'UnitId', '\0', '\0', '\0', '', 'string10', '6');
INSERT INTO `codecolumns` VALUES ('54', 'UnitName', 'UnitName', '\0', '\0', '\0', '', 'string10', '6');
INSERT INTO `codecolumns` VALUES ('55', 'ClinicId', 'ClinicId', '\0', '\0', '\0', '', 'string10', '6');
INSERT INTO `codecolumns` VALUES ('56', 'CreateTime', 'CreateTime', '\0', '\0', '\0', '创建时间', 'DateTime', '6');
INSERT INTO `codecolumns` VALUES ('57', 'State', 'State', '\0', '\0', '\0', '状态 1启用 0禁用', 'string10', '6');
INSERT INTO `codecolumns` VALUES ('58', 'Id', 'id', '', '\0', '', '主键', 'string10', '7');
INSERT INTO `codecolumns` VALUES ('59', 'UnitTitleId', 'UnitTitleId', '\0', '\0', '\0', '职称ID', 'string10', '7');
INSERT INTO `codecolumns` VALUES ('60', 'UnitTitleName', 'UnitTitleName', '\0', '\0', '\0', '职称名称', 'string10', '7');
INSERT INTO `codecolumns` VALUES ('61', 'State', 'State', '\0', '\0', '\0', '状态 1启用 0禁用', 'string10', '7');
INSERT INTO `codecolumns` VALUES ('62', 'CreateTime', 'CreateTime', '\0', '\0', '\0', '创建时间', 'DateTime', '7');
INSERT INTO `codecolumns` VALUES ('63', 'Id', 'Id', '', '\0', '', '', 'string10', '8');
INSERT INTO `codecolumns` VALUES ('64', 'Account', 'Account', '\0', '\0', '\0', '', 'string10', '8');
INSERT INTO `codecolumns` VALUES ('65', 'Password', 'Password', '\0', '\0', '\0', '', 'string10', '8');
INSERT INTO `codecolumns` VALUES ('66', 'State', 'State', '\0', '\0', '\0', '', 'string10', '8');
INSERT INTO `codecolumns` VALUES ('67', 'Remark', 'Remark', '\0', '\0', '\0', '', 'string10', '8');
INSERT INTO `codecolumns` VALUES ('68', 'CreateTime', 'CreateTime', '\0', '\0', '\0', '创建时间', 'DateTime', '8');
INSERT INTO `codecolumns` VALUES ('69', 'Id', 'Id', '', '', '', '', 'int', '9');
INSERT INTO `codecolumns` VALUES ('70', 'ProjectId', 'ProjectId', '\0', '\0', '\0', '项目Id', 'int', '9');
INSERT INTO `codecolumns` VALUES ('71', 'ProjectName', 'ProjectName', '\0', '\0', '\0', '项目名称', 'string10', '9');
INSERT INTO `codecolumns` VALUES ('72', 'ProjectType', 'ProjectType', '\0', '\0', '\0', '项目类型', 'string10', '9');
INSERT INTO `codecolumns` VALUES ('73', 'ProjectTypeId', 'ProjectTypeId', '\0', '\0', '\0', '项目类型Id', 'int', '9');
INSERT INTO `codecolumns` VALUES ('74', 'FileType', 'FileType', '\0', '\0', '\0', '文件类型', 'string10', '9');
INSERT INTO `codecolumns` VALUES ('75', 'FileTypeId', 'FileTypeId', '\0', '\0', '\0', '文件类型Id', 'int', '9');
INSERT INTO `codecolumns` VALUES ('76', 'UpperlevelDirectoryId', 'UpperlevelDirectoryId', '\0', '\0', '\0', '上一级目录Id', 'int', '9');
INSERT INTO `codecolumns` VALUES ('77', 'UpperlevelDirectoryName', 'UpperlevelDirectoryName', '\0', '\0', '\0', '上一级目录名称', 'string10', '9');
INSERT INTO `codecolumns` VALUES ('78', 'FileName', 'FileName', '\0', '\0', '\0', '文件名称', 'string10', '9');
INSERT INTO `codecolumns` VALUES ('79', 'Id', 'Id', '', '', '', '文件类型ID', 'int', '10');
INSERT INTO `codecolumns` VALUES ('80', 'FileTypeName', 'FileTypeName', '\0', '\0', '\0', '文件类型名称', 'string10', '10');
INSERT INTO `codecolumns` VALUES ('81', 'FileSuffix', 'FileSuffix', '\0', '\0', '\0', '文件后缀名', 'string10', '10');
INSERT INTO `codecolumns` VALUES ('82', 'Id', 'Id', '', '', '', '项目Id', 'int', '11');
INSERT INTO `codecolumns` VALUES ('83', 'ProjectName', 'ProjectName', '\0', '\0', '\0', '项目名称', 'string10', '11');
INSERT INTO `codecolumns` VALUES ('84', 'Id', 'Id', '', '', '', '项目类型Id', 'int', '12');
INSERT INTO `codecolumns` VALUES ('85', 'ProjectTypeName', 'ProjectTypeName', '\0', '\0', '\0', '项目类型名称', 'string10', '12');
INSERT INTO `codecolumns` VALUES ('86', 'Id', 'Id', '', '', '', '', 'int', '13');
INSERT INTO `codecolumns` VALUES ('87', 'ClassProperName', 'ClassProperName', '', '\0', '\0', '', 'string10', '13');
INSERT INTO `codecolumns` VALUES ('88', 'DbColumnName', 'DbColumnName', '', '\0', '\0', '', 'string10', '13');
INSERT INTO `codecolumns` VALUES ('89', 'Required', 'Required', '', '\0', '\0', '', 'bool', '13');
INSERT INTO `codecolumns` VALUES ('90', 'IsIdentity', 'IsIdentity', '', '\0', '\0', '', 'bool', '13');
INSERT INTO `codecolumns` VALUES ('91', 'IsPrimaryKey', 'IsPrimaryKey', '', '\0', '\0', '', 'bool', '13');
INSERT INTO `codecolumns` VALUES ('92', 'Description', 'Description', '\0', '\0', '\0', '', 'string10', '13');
INSERT INTO `codecolumns` VALUES ('93', 'CodeType', 'CodeType', '', '\0', '\0', '', 'string10', '13');
INSERT INTO `codecolumns` VALUES ('94', 'CodeTableId', 'CodeTableId', '', '\0', '\0', '', 'int', '13');
INSERT INTO `codecolumns` VALUES ('95', 'Id', 'Id', '', '', '', '', 'int', '14');
INSERT INTO `codecolumns` VALUES ('96', 'DbId', 'DbId', '', '\0', '\0', '', 'int', '14');
INSERT INTO `codecolumns` VALUES ('97', 'ClassName', 'ClassName', '', '\0', '\0', '', 'string10', '14');
INSERT INTO `codecolumns` VALUES ('98', 'TableName', 'TableName', '', '\0', '\0', '', 'string10', '14');
INSERT INTO `codecolumns` VALUES ('99', 'Description', 'Description', '\0', '\0', '\0', '', 'string10', '14');
INSERT INTO `codecolumns` VALUES ('100', 'CreateTime', 'CreateTime', '', '\0', '\0', '', 'DateTime', '14');
INSERT INTO `codecolumns` VALUES ('101', 'PreUpdateTime', 'PreUpdateTime', '', '\0', '\0', '', 'DateTime', '14');
INSERT INTO `codecolumns` VALUES ('102', 'UpdateTime', 'UpdateTime', '', '\0', '\0', '', 'DateTime', '14');
INSERT INTO `codecolumns` VALUES ('103', 'IsDeleted', 'IsDeleted', '', '\0', '\0', '', 'bool', '14');
INSERT INTO `codecolumns` VALUES ('104', 'IsLock', 'IsLock', '', '\0', '\0', '', 'bool', '14');
INSERT INTO `codecolumns` VALUES ('105', 'Id', 'Id', '', '', '', '', 'int', '15');
INSERT INTO `codecolumns` VALUES ('106', 'Name', 'Name', '', '\0', '\0', '', 'string10', '15');
INSERT INTO `codecolumns` VALUES ('107', 'CSharepType', 'CSharepType', '', '\0', '\0', '', 'string10', '15');
INSERT INTO `codecolumns` VALUES ('108', 'DbType', 'DbType', '', '\0', '\0', '', 'maxString', '15');
INSERT INTO `codecolumns` VALUES ('109', 'Sort', 'Sort', '', '\0', '\0', '', 'int', '15');
INSERT INTO `codecolumns` VALUES ('110', 'Id', 'Id', '', '', '', '', 'int', '16');
INSERT INTO `codecolumns` VALUES ('111', 'Desc', 'Desc', '', '\0', '\0', '', 'string10', '16');
INSERT INTO `codecolumns` VALUES ('112', 'Connection', 'Connection', '', '\0', '\0', '', 'string10', '16');
INSERT INTO `codecolumns` VALUES ('113', 'DbType', 'DbType', '', '\0', '\0', '', 'int', '16');
INSERT INTO `codecolumns` VALUES ('114', 'ChangeTime', 'ChangeTime', '', '\0', '\0', '', 'DateTime', '16');
INSERT INTO `codecolumns` VALUES ('115', 'IsDeleted', 'IsDeleted', '', '\0', '\0', '', 'bool', '16');
INSERT INTO `codecolumns` VALUES ('116', 'DatabaseName', 'DatabaseName', '', '\0', '\0', '', 'string10', '16');
INSERT INTO `codecolumns` VALUES ('117', 'Id', 'Id', '', '', '', '文件类型ID', 'int', '17');
INSERT INTO `codecolumns` VALUES ('118', 'FileTypeName', 'FileTypeName', '\0', '\0', '\0', '文件类型名称', 'string10', '17');
INSERT INTO `codecolumns` VALUES ('119', 'FileSuffix', 'FileSuffix', '\0', '\0', '\0', '文件后缀名', 'string10', '17');
INSERT INTO `codecolumns` VALUES ('120', 'Id', 'Id', '', '', '', '项目Id', 'int', '18');
INSERT INTO `codecolumns` VALUES ('121', 'ProjectName', 'ProjectName', '\0', '\0', '\0', '项目名称', 'string10', '18');
INSERT INTO `codecolumns` VALUES ('122', 'Id', 'Id', '', '', '', '项目类型Id', 'int', '19');
INSERT INTO `codecolumns` VALUES ('123', 'ProjectTypeName', 'ProjectTypeName', '\0', '\0', '\0', '项目类型名称', 'string10', '19');
INSERT INTO `codecolumns` VALUES ('124', 'FileProjectId', 'FileProjectId', '\0', '\0', '\0', '', 'int', '19');
INSERT INTO `codecolumns` VALUES ('125', 'Id', 'Id', '', '', '', '', 'int', '20');
INSERT INTO `codecolumns` VALUES ('126', 'ProjectId', 'ProjectId', '\0', '\0', '\0', '项目Id', 'int', '20');
INSERT INTO `codecolumns` VALUES ('127', 'ProjectName', 'ProjectName', '\0', '\0', '\0', '项目名称', 'string10', '20');
INSERT INTO `codecolumns` VALUES ('128', 'ProjectType', 'ProjectType', '\0', '\0', '\0', '项目类型', 'string10', '20');
INSERT INTO `codecolumns` VALUES ('129', 'ProjectTypeId', 'ProjectTypeId', '\0', '\0', '\0', '项目类型Id', 'int', '20');
INSERT INTO `codecolumns` VALUES ('130', 'FileType', 'FileType', '\0', '\0', '\0', '文件类型', 'string10', '20');
INSERT INTO `codecolumns` VALUES ('131', 'FileTypeId', 'FileTypeId', '\0', '\0', '\0', '文件类型Id', 'int', '20');
INSERT INTO `codecolumns` VALUES ('132', 'UpperlevelDirectoryId', 'UpperlevelDirectoryId', '\0', '\0', '\0', '上一级目录Id', 'int', '20');
INSERT INTO `codecolumns` VALUES ('133', 'UpperlevelDirectoryName', 'UpperlevelDirectoryName', '\0', '\0', '\0', '上一级目录名称', 'string10', '20');
INSERT INTO `codecolumns` VALUES ('134', 'FileName', 'FileName', '\0', '\0', '\0', '文件名称', 'string10', '20');
INSERT INTO `codecolumns` VALUES ('135', 'IsDeleted', 'IsDeleted', '', '\0', '\0', '', 'bool', '20');
INSERT INTO `codecolumns` VALUES ('136', 'Content', 'Content', '\0', '\0', '\0', '内容', 'maxString', '20');
INSERT INTO `codecolumns` VALUES ('137', 'Id', 'Id', '', '', '', '', 'int', '21');
INSERT INTO `codecolumns` VALUES ('138', 'Name', 'Name', '', '\0', '\0', '', 'string10', '21');
INSERT INTO `codecolumns` VALUES ('139', 'Content', 'Content', '', '\0', '\0', '', 'maxString', '21');
INSERT INTO `codecolumns` VALUES ('140', 'Json', 'Json', '', '\0', '\0', '', 'string10', '21');
INSERT INTO `codecolumns` VALUES ('141', 'Suffix', 'Suffix', '', '\0', '\0', '', 'string10', '21');
INSERT INTO `codecolumns` VALUES ('142', 'Sort', 'Sort', '', '\0', '\0', '', 'int', '21');
INSERT INTO `codecolumns` VALUES ('143', 'ChangeTime', 'ChangeTime', '', '\0', '\0', '', 'DateTime', '21');
INSERT INTO `codecolumns` VALUES ('144', 'IsDeleted', 'IsDeleted', '', '\0', '\0', '', 'bool', '21');
INSERT INTO `codecolumns` VALUES ('145', 'IsInit', 'IsInit', '', '\0', '\0', '', 'bool', '21');
INSERT INTO `codecolumns` VALUES ('146', 'Id', 'Id', '', '', '', '', 'int', '22');
INSERT INTO `codecolumns` VALUES ('147', 'ParentId', 'ParentId', '', '\0', '\0', '', 'int', '22');
INSERT INTO `codecolumns` VALUES ('148', 'Icon', 'Icon', '\0', '\0', '\0', '', 'string10', '22');
INSERT INTO `codecolumns` VALUES ('149', 'MenuName', 'MenuName', '', '\0', '\0', '', 'string10', '22');
INSERT INTO `codecolumns` VALUES ('150', 'Url', 'Url', '\0', '\0', '\0', '', 'string10', '22');
INSERT INTO `codecolumns` VALUES ('151', 'Id', 'Id', '', '', '', '', 'int', '23');
INSERT INTO `codecolumns` VALUES ('152', 'TemplateId1', 'TemplateId1', '', '\0', '\0', '', 'string10', '23');
INSERT INTO `codecolumns` VALUES ('153', 'Path', 'Path', '', '\0', '\0', '', 'string10', '23');
INSERT INTO `codecolumns` VALUES ('154', 'FileInfo', 'FileInfo', '\0', '\0', '\0', '', 'string10', '23');
INSERT INTO `codecolumns` VALUES ('155', 'FileModel', 'FileModel', '\0', '\0', '\0', '', 'string10', '23');
INSERT INTO `codecolumns` VALUES ('156', 'Sort', 'Sort', '', '\0', '\0', '', 'int', '23');
INSERT INTO `codecolumns` VALUES ('157', 'IsDeleted', 'IsDeleted', '', '\0', '\0', '', 'bool', '23');
INSERT INTO `codecolumns` VALUES ('158', 'ModelId', 'ModelId', '', '\0', '\0', '', 'int', '23');
INSERT INTO `codecolumns` VALUES ('159', 'FileSuffix', 'FileSuffix', '', '\0', '\0', '', 'string10', '23');
INSERT INTO `codecolumns` VALUES ('160', 'ProjentName', 'ProjentName', '', '\0', '\0', '', 'string10', '23');
INSERT INTO `codecolumns` VALUES ('161', 'Id', 'Id', '', '', '', '', 'int', '24');
INSERT INTO `codecolumns` VALUES ('162', 'Title', 'Title', '', '\0', '\0', '', 'string10', '24');
INSERT INTO `codecolumns` VALUES ('163', 'TemplateTypeId', 'TemplateTypeId', '', '\0', '\0', '', 'int', '24');
INSERT INTO `codecolumns` VALUES ('164', 'Content', 'Content', '', '\0', '\0', '', 'maxString', '24');
INSERT INTO `codecolumns` VALUES ('165', 'TemplateTypeName', 'TemplateTypeName', '', '\0', '\0', '', 'string10', '24');
INSERT INTO `codecolumns` VALUES ('166', 'Sort', 'Sort', '', '\0', '\0', '', 'int', '24');
INSERT INTO `codecolumns` VALUES ('167', 'ChangeTime', 'ChangeTime', '', '\0', '\0', '', 'DateTime', '24');
INSERT INTO `codecolumns` VALUES ('168', 'IsDeleted', 'IsDeleted', '', '\0', '\0', '', 'bool', '24');
INSERT INTO `codecolumns` VALUES ('169', 'Id', 'Id', '', '', '', '', 'int', '25');
INSERT INTO `codecolumns` VALUES ('170', 'Name', 'Name', '', '\0', '\0', '', 'string10', '25');

-- ----------------------------
-- Table structure for codetable
-- ----------------------------
DROP TABLE IF EXISTS `codetable`;
CREATE TABLE `codetable` (
  `Id` int(11) NOT NULL AUTO_INCREMENT,
  `DbId` int(11) NOT NULL,
  `ClassName` varchar(255) COLLATE utf8_bin NOT NULL,
  `TableName` varchar(255) COLLATE utf8_bin NOT NULL,
  `Description` varchar(255) COLLATE utf8_bin DEFAULT NULL,
  `CreateTime` datetime NOT NULL,
  `PreUpdateTime` datetime NOT NULL,
  `UpdateTime` datetime NOT NULL,
  `IsDeleted` bit(1) NOT NULL,
  `IsLock` bit(1) NOT NULL,
  PRIMARY KEY (`Id`) USING BTREE
) ENGINE=InnoDB AUTO_INCREMENT=26 DEFAULT CHARSET=utf8 COLLATE=utf8_bin ROW_FORMAT=DYNAMIC;

-- ----------------------------
-- Records of codetable
-- ----------------------------
INSERT INTO `codetable` VALUES ('1', '1', 'Deviceinfo', 'deviceinfo', '', '0001-01-01 00:00:00', '0001-01-01 00:00:00', '0001-01-01 00:00:00', '\0', '\0');
INSERT INTO `codetable` VALUES ('2', '1', 'Doctorinfo', 'doctorinfo', '', '0001-01-01 00:00:00', '0001-01-01 00:00:00', '0001-01-01 00:00:00', '\0', '\0');
INSERT INTO `codetable` VALUES ('3', '1', 'Interfaceinfo', 'interfaceinfo', '', '0001-01-01 00:00:00', '0001-01-01 00:00:00', '0001-01-01 00:00:00', '\0', '\0');
INSERT INTO `codetable` VALUES ('4', '1', 'Patientwait', 'patientwait', '', '0001-01-01 00:00:00', '0001-01-01 00:00:00', '0001-01-01 00:00:00', '\0', '\0');
INSERT INTO `codetable` VALUES ('5', '1', 'Systemsetup', 'systemsetup', '', '0001-01-01 00:00:00', '0001-01-01 00:00:00', '0001-01-01 00:00:00', '\0', '\0');
INSERT INTO `codetable` VALUES ('6', '1', 'Unitinfo', 'unitinfo', '', '0001-01-01 00:00:00', '0001-01-01 00:00:00', '0001-01-01 00:00:00', '\0', '\0');
INSERT INTO `codetable` VALUES ('7', '1', 'Unittitle', 'unittitle', '', '0001-01-01 00:00:00', '0001-01-01 00:00:00', '0001-01-01 00:00:00', '\0', '\0');
INSERT INTO `codetable` VALUES ('8', '1', 'Users', 'users', '', '0001-01-01 00:00:00', '0001-01-01 00:00:00', '0001-01-01 00:00:00', '\0', '\0');
INSERT INTO `codetable` VALUES ('9', '2', 'FileTemplate', 'file_template', '', '0001-01-01 00:00:00', '0001-01-01 00:00:00', '0001-01-01 00:00:00', '', '\0');
INSERT INTO `codetable` VALUES ('10', '2', 'FileFiletype', 'file_filetype', '', '0001-01-01 00:00:00', '0001-01-01 00:00:00', '0001-01-01 00:00:00', '', '\0');
INSERT INTO `codetable` VALUES ('11', '2', 'FileProject', 'file_project', '', '0001-01-01 00:00:00', '0001-01-01 00:00:00', '0001-01-01 00:00:00', '', '\0');
INSERT INTO `codetable` VALUES ('12', '2', 'FileProjecttype', 'file_projecttype', '', '0001-01-01 00:00:00', '0001-01-01 00:00:00', '0001-01-01 00:00:00', '', '\0');
INSERT INTO `codetable` VALUES ('13', '2', 'Codecolumns', 'codecolumns', '', '0001-01-01 00:00:00', '0001-01-01 00:00:00', '0001-01-01 00:00:00', '\0', '\0');
INSERT INTO `codetable` VALUES ('14', '2', 'Codetable', 'codetable', '', '0001-01-01 00:00:00', '0001-01-01 00:00:00', '0001-01-01 00:00:00', '\0', '\0');
INSERT INTO `codetable` VALUES ('15', '2', 'Codetype', 'codetype', '', '0001-01-01 00:00:00', '0001-01-01 00:00:00', '0001-01-01 00:00:00', '\0', '\0');
INSERT INTO `codetable` VALUES ('16', '2', 'Database', 'database', '', '0001-01-01 00:00:00', '0001-01-01 00:00:00', '0001-01-01 00:00:00', '\0', '\0');
INSERT INTO `codetable` VALUES ('17', '2', 'FileFiletype', 'file_filetype', '', '0001-01-01 00:00:00', '0001-01-01 00:00:00', '0001-01-01 00:00:00', '\0', '\0');
INSERT INTO `codetable` VALUES ('18', '2', 'FileProject', 'file_project', '', '0001-01-01 00:00:00', '0001-01-01 00:00:00', '0001-01-01 00:00:00', '\0', '\0');
INSERT INTO `codetable` VALUES ('19', '2', 'FileProjecttype', 'file_projecttype', '', '0001-01-01 00:00:00', '0001-01-01 00:00:00', '0001-01-01 00:00:00', '\0', '\0');
INSERT INTO `codetable` VALUES ('20', '2', 'FileTemplate', 'file_template', '', '0001-01-01 00:00:00', '0001-01-01 00:00:00', '0001-01-01 00:00:00', '\0', '\0');
INSERT INTO `codetable` VALUES ('21', '2', 'Fileinfo', 'fileinfo', '', '0001-01-01 00:00:00', '0001-01-01 00:00:00', '0001-01-01 00:00:00', '\0', '\0');
INSERT INTO `codetable` VALUES ('22', '2', 'Menu', 'menu', '', '0001-01-01 00:00:00', '0001-01-01 00:00:00', '0001-01-01 00:00:00', '\0', '\0');
INSERT INTO `codetable` VALUES ('23', '2', 'Project', 'project', '', '0001-01-01 00:00:00', '0001-01-01 00:00:00', '0001-01-01 00:00:00', '\0', '\0');
INSERT INTO `codetable` VALUES ('24', '2', 'Template', 'template', '', '0001-01-01 00:00:00', '0001-01-01 00:00:00', '0001-01-01 00:00:00', '\0', '\0');
INSERT INTO `codetable` VALUES ('25', '2', 'Templatetype', 'templatetype', '', '0001-01-01 00:00:00', '0001-01-01 00:00:00', '0001-01-01 00:00:00', '\0', '\0');

-- ----------------------------
-- Table structure for codetype
-- ----------------------------
DROP TABLE IF EXISTS `codetype`;
CREATE TABLE `codetype` (
  `Id` int(11) NOT NULL AUTO_INCREMENT,
  `Name` varchar(255) COLLATE utf8_bin NOT NULL,
  `CSharepType` varchar(255) COLLATE utf8_bin NOT NULL,
  `DbType` text COLLATE utf8_bin NOT NULL,
  `Sort` int(11) NOT NULL,
  PRIMARY KEY (`Id`) USING BTREE
) ENGINE=InnoDB AUTO_INCREMENT=24 DEFAULT CHARSET=utf8 COLLATE=utf8_bin ROW_FORMAT=DYNAMIC;

-- ----------------------------
-- Records of codetype
-- ----------------------------
INSERT INTO `codetype` VALUES ('1', 'int', 'int', 0x5B7B224E616D65223A22696E74222C224C656E677468223A6E756C6C2C22446563696D616C446967697473223A6E756C6C7D2C7B224E616D65223A22696E7434222C224C656E677468223A6E756C6C2C22446563696D616C446967697473223A6E756C6C7D2C7B224E616D65223A226E756D626572222C224C656E677468223A392C22446563696D616C446967697473223A307D5D, '1000');
INSERT INTO `codetype` VALUES ('2', 'string10', 'string', 0x5B7B224E616D65223A2276617263686172222C224C656E677468223A31302C22446563696D616C446967697473223A6E756C6C7D5D, '1000');
INSERT INTO `codetype` VALUES ('3', 'string36', 'string', 0x5B7B224E616D65223A2276617263686172222C224C656E677468223A33362C22446563696D616C446967697473223A6E756C6C7D5D, '1000');
INSERT INTO `codetype` VALUES ('4', 'string100', 'string', 0x5B7B224E616D65223A2276617263686172222C224C656E677468223A3130302C22446563696D616C446967697473223A6E756C6C7D5D, '1000');
INSERT INTO `codetype` VALUES ('5', 'string200', 'string', 0x5B7B224E616D65223A2276617263686172222C224C656E677468223A3130302C22446563696D616C446967697473223A6E756C6C7D5D, '1000');
INSERT INTO `codetype` VALUES ('6', 'string500', 'string', 0x5B7B224E616D65223A2276617263686172222C224C656E677468223A3530302C22446563696D616C446967697473223A6E756C6C7D5D, '1000');
INSERT INTO `codetype` VALUES ('7', 'string2000', 'string', 0x5B7B224E616D65223A2276617263686172222C224C656E677468223A323030302C22446563696D616C446967697473223A6E756C6C7D5D, '1000');
INSERT INTO `codetype` VALUES ('8', 'nString10', 'string', 0x5B7B224E616D65223A226E76617263686172222C224C656E677468223A31302C22446563696D616C446967697473223A6E756C6C7D2C7B224E616D65223A2276617263686172222C224C656E677468223A31302C22446563696D616C446967697473223A6E756C6C7D5D, '1000');
INSERT INTO `codetype` VALUES ('9', 'nString36', 'string', 0x5B7B224E616D65223A226E76617263686172222C224C656E677468223A33362C22446563696D616C446967697473223A6E756C6C7D2C7B224E616D65223A2276617263686172222C224C656E677468223A33362C22446563696D616C446967697473223A6E756C6C7D5D, '1000');
INSERT INTO `codetype` VALUES ('10', 'nString100', 'string', 0x5B7B224E616D65223A226E76617263686172222C224C656E677468223A3130302C22446563696D616C446967697473223A6E756C6C7D2C7B224E616D65223A2276617263686172222C224C656E677468223A3130302C22446563696D616C446967697473223A6E756C6C7D5D, '1000');
INSERT INTO `codetype` VALUES ('11', 'nString200', 'string', 0x5B7B224E616D65223A226E76617263686172222C224C656E677468223A3230302C22446563696D616C446967697473223A6E756C6C7D2C7B224E616D65223A2276617263686172222C224C656E677468223A3230302C22446563696D616C446967697473223A6E756C6C7D5D, '1000');
INSERT INTO `codetype` VALUES ('12', 'nString500', 'string', 0x5B7B224E616D65223A226E76617263686172222C224C656E677468223A3530302C22446563696D616C446967697473223A6E756C6C7D2C7B224E616D65223A2276617263686172222C224C656E677468223A3530302C22446563696D616C446967697473223A6E756C6C7D5D, '1000');
INSERT INTO `codetype` VALUES ('13', 'nString2000', 'string', 0x5B7B224E616D65223A226E76617263686172222C224C656E677468223A323030302C22446563696D616C446967697473223A6E756C6C7D2C7B224E616D65223A2276617263686172222C224C656E677468223A323030302C22446563696D616C446967697473223A6E756C6C7D5D, '1000');
INSERT INTO `codetype` VALUES ('14', 'maxString', 'string', 0x5B7B224E616D65223A2274657874222C224C656E677468223A6E756C6C2C22446563696D616C446967697473223A6E756C6C7D2C7B224E616D65223A22636C6F62222C224C656E677468223A6E756C6C2C22446563696D616C446967697473223A6E756C6C7D5D, '1000');
INSERT INTO `codetype` VALUES ('15', 'bool', 'bool', 0x5B7B224E616D65223A22626974222C224C656E677468223A6E756C6C2C22446563696D616C446967697473223A6E756C6C7D2C7B224E616D65223A226E756D626572222C224C656E677468223A312C22446563696D616C446967697473223A6E756C6C7D2C7B224E616D65223A22626F6F6C65616E222C224C656E677468223A6E756C6C2C22446563696D616C446967697473223A6E756C6C7D5D, '1000');
INSERT INTO `codetype` VALUES ('16', 'DateTime', 'DateTime', 0x5B7B224E616D65223A226461746574696D65222C224C656E677468223A6E756C6C2C22446563696D616C446967697473223A6E756C6C7D2C7B224E616D65223A2264617465222C224C656E677468223A6E756C6C2C22446563696D616C446967697473223A6E756C6C7D5D, '1000');
INSERT INTO `codetype` VALUES ('17', 'decimal_18_4', 'decimal', 0x5B7B224E616D65223A22646563696D616C222C224C656E677468223A31382C22446563696D616C446967697473223A347D2C7B224E616D65223A226E756D626572222C224C656E677468223A31382C22446563696D616C446967697473223A347D5D, '1000');
INSERT INTO `codetype` VALUES ('18', 'decimal_18_2', 'decimal', 0x5B7B224E616D65223A22646563696D616C222C224C656E677468223A31382C22446563696D616C446967697473223A327D2C7B224E616D65223A226E756D626572222C224C656E677468223A31382C22446563696D616C446967697473223A327D5D, '1000');
INSERT INTO `codetype` VALUES ('19', 'guid', 'Guid', 0x5B7B224E616D65223A22756E697175656964656E746966696572222C224C656E677468223A6E756C6C2C22446563696D616C446967697473223A6E756C6C7D2C7B224E616D65223A2267756964222C224C656E677468223A6E756C6C2C22446563696D616C446967697473223A6E756C6C7D2C7B224E616D65223A2263686172222C224C656E677468223A33362C22446563696D616C446967697473223A6E756C6C7D5D, '1000');
INSERT INTO `codetype` VALUES ('20', 'byte', 'Guid', 0x5B7B224E616D65223A2274696E79696E74222C224C656E677468223A6E756C6C2C22446563696D616C446967697473223A6E756C6C7D2C7B224E616D65223A22766172626974222C224C656E677468223A6E756C6C2C22446563696D616C446967697473223A6E756C6C7D2C7B224E616D65223A226E756D626572222C224C656E677468223A332C22446563696D616C446967697473223A6E756C6C7D5D, '1000');
INSERT INTO `codetype` VALUES ('21', 'short', 'short', 0x5B7B224E616D65223A2273686F7274222C224C656E677468223A6E756C6C2C22446563696D616C446967697473223A6E756C6C7D2C7B224E616D65223A22696E7432222C224C656E677468223A6E756C6C2C22446563696D616C446967697473223A6E756C6C7D2C7B224E616D65223A22696E743136222C224C656E677468223A6E756C6C2C22446563696D616C446967697473223A6E756C6C7D2C7B224E616D65223A22736D616C6C696E74222C224C656E677468223A6E756C6C2C22446563696D616C446967697473223A6E756C6C7D2C7B224E616D65223A226E756D626572222C224C656E677468223A352C22446563696D616C446967697473223A6E756C6C7D5D, '1000');
INSERT INTO `codetype` VALUES ('22', 'long', 'long', 0x5B7B224E616D65223A226C6F6E67222C224C656E677468223A6E756C6C2C22446563696D616C446967697473223A6E756C6C7D2C7B224E616D65223A22696E7438222C224C656E677468223A6E756C6C2C22446563696D616C446967697473223A6E756C6C7D2C7B224E616D65223A22696E743634222C224C656E677468223A6E756C6C2C22446563696D616C446967697473223A6E756C6C7D2C7B224E616D65223A22626967696E74222C224C656E677468223A6E756C6C2C22446563696D616C446967697473223A6E756C6C7D2C7B224E616D65223A226E756D626572222C224C656E677468223A31392C22446563696D616C446967697473223A6E756C6C7D5D, '1000');
INSERT INTO `codetype` VALUES ('23', 'byteArray', 'byteArray', 0x5B7B224E616D65223A22636C6F62222C224C656E677468223A6E756C6C2C22446563696D616C446967697473223A6E756C6C7D2C7B224E616D65223A22626974222C224C656E677468223A6E756C6C2C22446563696D616C446967697473223A6E756C6C7D2C7B224E616D65223A226C6F6E67626C6F62222C224C656E677468223A6E756C6C2C22446563696D616C446967697473223A6E756C6C7D2C7B224E616D65223A2262696E617279222C224C656E677468223A6E756C6C2C22446563696D616C446967697473223A6E756C6C7D5D, '1000');

-- ----------------------------
-- Table structure for database
-- ----------------------------
DROP TABLE IF EXISTS `database`;
CREATE TABLE `database` (
  `Id` int(11) NOT NULL AUTO_INCREMENT,
  `Desc` varchar(255) COLLATE utf8_bin NOT NULL,
  `Connection` varchar(255) COLLATE utf8_bin NOT NULL,
  `DbType` int(11) NOT NULL,
  `ChangeTime` datetime NOT NULL,
  `IsDeleted` bit(1) NOT NULL,
  `DatabaseName` varchar(255) COLLATE utf8_bin NOT NULL,
  PRIMARY KEY (`Id`) USING BTREE
) ENGINE=InnoDB AUTO_INCREMENT=4 DEFAULT CHARSET=utf8 COLLATE=utf8_bin ROW_FORMAT=DYNAMIC;

-- ----------------------------
-- Records of database
-- ----------------------------
INSERT INTO `database` VALUES ('1', 'test2', 'server=127.0.0.1;port=63306;user=root;password=123456;database=test2', '0', '2021-08-08 18:59:49', '\0', 'test2');
INSERT INTO `database` VALUES ('2', '当前数据库', 'server=127.0.0.1;port=63306;user=root;password=123456;database=codegenerate', '0', '2021-08-08 18:38:25', '\0', 'codegenerate');
INSERT INTO `database` VALUES ('3', 'test3', 'server=127.0.0.1;port=63306;user=root;password=123456;database=test3', '0', '2021-08-08 18:59:58', '\0', 'test3');

-- ----------------------------
-- Table structure for fileinfo
-- ----------------------------
DROP TABLE IF EXISTS `fileinfo`;
CREATE TABLE `fileinfo` (
  `Id` int(11) NOT NULL AUTO_INCREMENT,
  `Name` varchar(255) COLLATE utf8_bin NOT NULL,
  `Content` text COLLATE utf8_bin NOT NULL,
  `Json` varchar(255) COLLATE utf8_bin NOT NULL,
  `Suffix` varchar(255) COLLATE utf8_bin NOT NULL,
  `Sort` int(11) NOT NULL,
  `ChangeTime` datetime NOT NULL,
  `IsDeleted` bit(1) NOT NULL,
  `IsInit` bit(1) NOT NULL,
  PRIMARY KEY (`Id`) USING BTREE
) ENGINE=InnoDB AUTO_INCREMENT=4 DEFAULT CHARSET=utf8 COLLATE=utf8_bin ROW_FORMAT=DYNAMIC;

-- ----------------------------
-- Records of fileinfo
-- ----------------------------
INSERT INTO `fileinfo` VALUES ('1', '.net 标准类库', 0x3C50726F6A6563742053646B3D224D6963726F736F66742E4E45542E53646B223E0A20203C50726F706572747947726F75703E0A202020203C5461726765744672616D65776F726B3E6E65747374616E64617264322E303C2F5461726765744672616D65776F726B3E0A202020203C526F6F744E616D6573706163653E404D6F64656C2E6E616D653C2F526F6F744E616D6573706163653E0A202020203C417373656D626C794E616D653E404D6F64656C2E6E616D653C2F417373656D626C794E616D653E0A20203C2F50726F706572747947726F75703E0A20203C4974656D47726F75703E0A20202040666F726561636828766172206974656D20696E20204D6F64656C2E6E75676574290A202020207B0A2020202020202020203C5061636B6167655265666572656E636520496E636C7564653D22406974656D2E6E616D65222056657273696F6E3D22406974656D2E76657273696F6E22202F3E0A202020207D0A20203C2F4974656D47726F75703E0A3C2F50726F6A6563743E0A, '{ \"name\":\"文件名\",\"nuget\":[{ \"name\":\"SqlSugarCore\",\"version\":\"5.0.3.4\" }]}', 'csproj', '0', '2021-07-27 12:28:48', '\0', '');
INSERT INTO `fileinfo` VALUES ('2', '.net core 5.0 类库', 0x3C50726F6A6563742053646B3D224D6963726F736F66742E4E45542E53646B223E0A20203C50726F706572747947726F75703E0A202020203C5461726765744672616D65776F726B3E6E6574352E303C2F5461726765744672616D65776F726B3E0A202020203C526F6F744E616D6573706163653E404D6F64656C2E6E616D653C2F526F6F744E616D6573706163653E0A202020203C417373656D626C794E616D653E404D6F64656C2E6E616D653C2F417373656D626C794E616D653E0A20203C2F50726F706572747947726F75703E0A20203C4974656D47726F75703E0A20202040666F726561636828766172206974656D20696E20204D6F64656C2E6E75676574290A202020207B0A2020202020202020203C5061636B6167655265666572656E636520496E636C7564653D22406974656D2E6E616D65222056657273696F6E3D22406974656D2E76657273696F6E22202F3E0A202020207D0A20203C2F4974656D47726F75703E0A3C2F50726F6A6563743E0A, '{ \"name\":\"文件名\",\"nuget\":[{ \"name\":\"SqlSugarCore\",\"version\":\"5.0.3.4\" }]}', 'csproj', '0', '2021-07-27 12:28:48', '\0', '');
INSERT INTO `fileinfo` VALUES ('3', '.net core 3.1 类库', 0x3C50726F6A6563742053646B3D224D6963726F736F66742E4E45542E53646B223E0A20203C50726F706572747947726F75703E0A202020203C5461726765744672616D65776F726B3E6E6574636F7265617070332E313C2F5461726765744672616D65776F726B3E0A202020203C526F6F744E616D6573706163653E404D6F64656C2E6E616D653C2F526F6F744E616D6573706163653E0A202020203C417373656D626C794E616D653E404D6F64656C2E6E616D653C2F417373656D626C794E616D653E0A20203C2F50726F706572747947726F75703E0A20203C4974656D47726F75703E0A20202040666F726561636828766172206974656D20696E20204D6F64656C2E6E75676574290A202020207B0A2020202020202020203C5061636B6167655265666572656E636520496E636C7564653D22406974656D2E6E616D65222056657273696F6E3D22406974656D2E76657273696F6E22202F3E0A202020207D0A20203C2F4974656D47726F75703E0A3C2F50726F6A6563743E0A, '{ \"name\":\"文件名\",\"nuget\":[{ \"name\":\"SqlSugarCore\",\"version\":\"5.0.3.4\" }]}', 'csproj', '0', '2021-07-27 12:28:48', '\0', '');

-- ----------------------------
-- Table structure for file_filetype
-- ----------------------------
DROP TABLE IF EXISTS `file_filetype`;
CREATE TABLE `file_filetype` (
  `Id` int(11) NOT NULL AUTO_INCREMENT COMMENT '文件类型ID',
  `FileTypeName` varchar(255) DEFAULT NULL COMMENT '文件类型名称',
  `FileSuffix` varchar(255) DEFAULT NULL COMMENT '文件后缀名',
  PRIMARY KEY (`Id`)
) ENGINE=InnoDB AUTO_INCREMENT=4 DEFAULT CHARSET=utf8 COMMENT='1213111';

-- ----------------------------
-- Records of file_filetype
-- ----------------------------
INSERT INTO `file_filetype` VALUES ('1', '类文件(.cs)', '.cs');
INSERT INTO `file_filetype` VALUES ('2', '文件夹', null);
INSERT INTO `file_filetype` VALUES ('3', '工程文件(.csproj)', '.csproj');

-- ----------------------------
-- Table structure for file_project
-- ----------------------------
DROP TABLE IF EXISTS `file_project`;
CREATE TABLE `file_project` (
  `Id` int(11) NOT NULL AUTO_INCREMENT COMMENT '项目Id',
  `ProjectName` varchar(255) DEFAULT NULL COMMENT '项目名称',
  PRIMARY KEY (`Id`)
) ENGINE=InnoDB AUTO_INCREMENT=3 DEFAULT CHARSET=utf8;

-- ----------------------------
-- Records of file_project
-- ----------------------------
INSERT INTO `file_project` VALUES ('1', 'Lym');
INSERT INTO `file_project` VALUES ('2', 'QT');

-- ----------------------------
-- Table structure for file_projecttype
-- ----------------------------
DROP TABLE IF EXISTS `file_projecttype`;
CREATE TABLE `file_projecttype` (
  `Id` int(11) NOT NULL AUTO_INCREMENT COMMENT '项目类型Id',
  `ProjectTypeName` varchar(255) DEFAULT NULL COMMENT '项目类型名称',
  `FileProjectId` int(11) DEFAULT NULL,
  PRIMARY KEY (`Id`)
) ENGINE=InnoDB AUTO_INCREMENT=11 DEFAULT CHARSET=utf8;

-- ----------------------------
-- Records of file_projecttype
-- ----------------------------
INSERT INTO `file_projecttype` VALUES ('1', 'Application', '1');
INSERT INTO `file_projecttype` VALUES ('2', 'BaseRespository', '1');
INSERT INTO `file_projecttype` VALUES ('3', 'Business', '1');
INSERT INTO `file_projecttype` VALUES ('4', 'Common', '1');
INSERT INTO `file_projecttype` VALUES ('5', 'Core', '1');
INSERT INTO `file_projecttype` VALUES ('6', 'Model', '1');
INSERT INTO `file_projecttype` VALUES ('7', 'Respository.Interface', '1');
INSERT INTO `file_projecttype` VALUES ('8', 'Respository.Service', '1');
INSERT INTO `file_projecttype` VALUES ('9', 'WebApi', '1');
INSERT INTO `file_projecttype` VALUES ('10', 'WebAdmin', '1');

-- ----------------------------
-- Table structure for file_template
-- ----------------------------
DROP TABLE IF EXISTS `file_template`;
CREATE TABLE `file_template` (
  `Id` int(11) NOT NULL AUTO_INCREMENT,
  `ProjectId` int(11) DEFAULT NULL COMMENT '项目Id',
  `ProjectName` varchar(255) COLLATE utf8_bin DEFAULT NULL COMMENT '项目名称',
  `ProjectType` varchar(255) COLLATE utf8_bin DEFAULT NULL COMMENT '项目类型',
  `ProjectTypeId` int(11) DEFAULT NULL COMMENT '项目类型Id',
  `FileType` varchar(255) COLLATE utf8_bin DEFAULT NULL COMMENT '文件类型',
  `FileTypeId` int(11) DEFAULT NULL COMMENT '文件类型Id',
  `UpperlevelDirectoryId` int(11) DEFAULT NULL COMMENT '上一级目录Id',
  `UpperlevelDirectoryName` varchar(255) COLLATE utf8_bin DEFAULT NULL COMMENT '上一级目录名称',
  `FileName` varchar(255) COLLATE utf8_bin DEFAULT NULL COMMENT '文件名称',
  `IsDeleted` bit(1) NOT NULL,
  `Content` text COLLATE utf8_bin COMMENT '内容',
  `GenerateTypeId` int(11) DEFAULT NULL,
  PRIMARY KEY (`Id`) USING BTREE
) ENGINE=InnoDB AUTO_INCREMENT=64 DEFAULT CHARSET=utf8 COLLATE=utf8_bin ROW_FORMAT=DYNAMIC;

-- ----------------------------
-- Records of file_template
-- ----------------------------
INSERT INTO `file_template` VALUES ('5', '1', 'Lym', 'Application', '1', '类文件(.cs)', '1', '6', 'DtoValidationAttribute', 'DtoValidationAttribute.cs', '\0', 0x7573696E672053797374656D3B0A7573696E672053797374656D2E436F6C6C656374696F6E732E47656E657269633B0A7573696E672053797374656D2E436F6D706F6E656E744D6F64656C2E44617461416E6E6F746174696F6E733B0A7573696E672053797374656D2E546578743B0A0A6E616D6573706163652040284D6F64656C2E50726F6A6563744E616D65292E4170706C69636174696F6E2E44746F56616C69646174696F6E0A7B0A202020202F2F2F203C73756D6D6172793E0A202020202F2F2F2064746F20E585A5E58F82E9AA8CE8AF810A202020202F2F2F203C2F73756D6D6172793E0A202020207075626C696320636C6173732044746F56616C69646174696F6E417474726962757465203A2056616C69646174696F6E4174747269627574650A202020207B0A202020202020202070726F746563746564206F766572726964652056616C69646174696F6E526573756C7420497356616C6964286F626A6563742076616C75652C2056616C69646174696F6E436F6E746578742076616C69646174696F6E436F6E74657874290A20202020202020207B0A2020202020202020202020207661722076616C756554797065203D2076616C75652E4765745479706528293B0A202020202020202020202020666F726561636820287661722070726F7065727479496E666F20696E2076616C7565547970652E47657450726F706572746965732829290A2020202020202020202020207B0A202020202020202020202020202020207661722070726F7065727479496E666F56616C7565203D2070726F7065727479496E666F2E47657456616C75652876616C7565293B0A202020202020202020202020202020207661722070726F7065727479496E666F4E616D65203D2070726F7065727479496E666F2E4E616D653B0A202020202020202020202020202020206966202870726F7065727479496E666F56616C7565203D3D206E756C6C207C7C20737472696E672E49734E756C6C4F72456D7074792870726F7065727479496E666F56616C75652E546F537472696E67282929290A202020202020202020202020202020207B0A202020202020202020202020202020202020202072657475726E206E65772056616C69646174696F6E526573756C742824227B70726F7065727479496E666F4E616D657D20E4B88DE883BDE4B8BAE7A9BA22293B0A202020202020202020202020202020207D0A2020202020202020202020207D0A202020202020202020202020200A20202020202020202020202072657475726E2056616C69646174696F6E526573756C742E537563636573733B0A20202020202020207D0A202020207D0A7D0A, '0');
INSERT INTO `file_template` VALUES ('6', '1', 'Lym', 'Application', '1', '文件夹', '2', '8', 'Application', 'DtoValidationAttribute', '\0', null, null);
INSERT INTO `file_template` VALUES ('7', '1', 'Lym', 'Application', '1', '文件夹', '2', '8', 'Application', 'Dto', '\0', null, null);
INSERT INTO `file_template` VALUES ('8', '1', 'Lym', 'Application', '1', '文件夹', '2', '0', null, 'Application', '\0', null, null);
INSERT INTO `file_template` VALUES ('11', '1', 'Lym', 'Application', '1', '文件夹', '2', '7', 'Dto', '@(Model.DatabaseName)', '\0', null, '2');
INSERT INTO `file_template` VALUES ('12', '1', 'Lym', 'Application', '1', '工程文件(.csproj)', '3', '8', 'Application', 'Lym.Application.csproj', '\0', 0x3C50726F6A6563742053646B3D224D6963726F736F66742E4E45542E53646B223E0A0A20203C50726F706572747947726F75703E0A202020203C5461726765744672616D65776F726B3E6E6574636F7265617070332E313C2F5461726765744672616D65776F726B3E0A20203C2F50726F706572747947726F75703E0A0A3C2F50726F6A6563743E0A, '0');
INSERT INTO `file_template` VALUES ('13', '1', 'Lym', 'BaseRespository', '2', '文件夹', '2', '0', '', 'BaseRespository', '\0', null, '0');
INSERT INTO `file_template` VALUES ('14', '1', 'Lym', 'BaseRespository', '2', '文件夹', '2', '13', 'BaseRespository', '@(Model.DatabaseName)', '\0', null, '2');
INSERT INTO `file_template` VALUES ('15', '1', 'Lym', 'BaseRespository', '2', '工程文件(.csproj)', '3', '13', 'BaseRespository', 'Lym.BaseRespository.csproj', '\0', 0x3C50726F6A6563742053646B3D224D6963726F736F66742E4E45542E53646B223E0A0A20203C50726F706572747947726F75703E0A202020203C5461726765744672616D65776F726B3E6E6574636F7265617070332E313C2F5461726765744672616D65776F726B3E0A20203C2F50726F706572747947726F75703E0A3C2F50726F6A6563743E, '0');
INSERT INTO `file_template` VALUES ('16', '1', 'Lym', 'BaseRespository', '2', '类文件(.cs)', '1', '13', 'BaseRespository', 'IBaseRespository.cs', '\0', 0x7573696E67204C796D2E4D6F64656C2E417069526573756C743B0A7573696E672053716C53756761723B0A7573696E672053797374656D3B0A7573696E672053797374656D2E436F6C6C656374696F6E732E47656E657269633B0A7573696E672053797374656D2E4C696E712E45787072657373696F6E733B0A0A6E616D6573706163652040284D6F64656C2E50726F6A6563744E616D65292E42617365526573706F7369746F72790A7B0A202020202F2F2F203C73756D6D6172793E0A202020202F2F2F20E4BB93E582A8E59FBAE7B1BBE68EA5E58FA30A202020202F2F2F203C2F73756D6D6172793E0A202020202F2F2F203C74797065706172616D206E616D653D2254223E3C2F74797065706172616D3E0A202020207075626C696320696E74657266616365204942617365526573706F7369746F72793C543E203A204953696D706C65436C69656E743C543E2077686572652054203A20636C6173732C206E657728290A202020207B0A202020202020202023726567696F6E20E4BA8BE58AA10A0A20202020202020202F2F2F203C73756D6D6172793E0A20202020202020202F2F2F20E590AFE794A8E4BA8BE58AA10A20202020202020202F2F2F203C2F73756D6D6172793E0A2020202020202020766F696420426567696E5472616E28293B0A0A0A20202020202020202F2F2F203C73756D6D6172793E0A20202020202020202F2F2F20E68F90E4BAA4E4BA8BE58AA10A20202020202020202F2F2F203C2F73756D6D6172793E0A2020202020202020766F696420436F6D6D69745472616E28293B0A0A0A20202020202020202F2F2F203C73756D6D6172793E0A20202020202020202F2F2F20E59B9EE6BB9AE4BA8BE58AA10A20202020202020202F2F2F203C2F73756D6D6172793E0A2020202020202020766F696420526F6C6C6261636B5472616E28293B0A0A202020202020202023656E64726567696F6E0A0A202020202020202023726567696F6E20E6B7BBE58AA0E6938DE4BD9C0A20202020202020202F2F2F203C73756D6D6172793E0A20202020202020202F2F2F20E6B7BBE58AA0E4B880E69DA1E695B0E68DAE0A20202020202020202F2F2F203C2F73756D6D6172793E0A20202020202020202F2F2F203C706172616D206E616D653D227061726D223E3C2F706172616D3E0A20202020202020202F2F2F203C72657475726E733E3C2F72657475726E733E0A2020202020202020696E74204164642854207061726D293B0A0A20202020202020202F2F2F203C73756D6D6172793E0A20202020202020202F2F2F20E689B9E9878FE6B7BBE58AA0E695B0E68DAE0A20202020202020202F2F2F203C2F73756D6D6172793E0A20202020202020202F2F2F203C706172616D206E616D653D227061726D223E4C6973743C543E3C2F706172616D3E0A20202020202020202F2F2F203C72657475726E733E3C2F72657475726E733E0A2020202020202020696E7420416464284C6973743C543E207061726D293B0A0A20202020202020202F2F2F203C73756D6D6172793E0A20202020202020202F2F2F20E6B7BBE58AA0E68896E69BB4E696B0E695B0E68DAE0A20202020202020202F2F2F203C2F73756D6D6172793E0A20202020202020202F2F2F203C706172616D206E616D653D227061726D223E3C543E3C2F706172616D3E0A20202020202020202F2F2F203C72657475726E733E3C2F72657475726E733E0A202020202020202054205361766561626C652854207061726D2C2045787072657373696F6E3C46756E633C542C206F626A6563743E3E2075436C756D6E73203D206E756C6C2C2045787072657373696F6E3C46756E633C542C206F626A6563743E3E2069436F6C756D6E73203D206E756C6C293B0A0A20202020202020202F2F2F203C73756D6D6172793E0A20202020202020202F2F2F20E689B9E9878FE6B7BBE58AA0E68896E69BB4E696B0E695B0E68DAE0A20202020202020202F2F2F203C2F73756D6D6172793E0A20202020202020202F2F2F203C706172616D206E616D653D227061726D223E4C6973743C543E3C2F706172616D3E0A20202020202020202F2F2F203C72657475726E733E3C2F72657475726E733E0A20202020202020204C6973743C543E205361766561626C65284C6973743C543E207061726D2C2045787072657373696F6E3C46756E633C542C206F626A6563743E3E2075436C756D6E73203D206E756C6C2C2045787072657373696F6E3C46756E633C542C206F626A6563743E3E2069436F6C756D6E73203D206E756C6C293B0A0A0A0A202020202020202023656E64726567696F6E0A0A202020202020202023726567696F6E20E69FA5E8AFA2E6938DE4BD9C0A0A20202020202020202F2F2F203C73756D6D6172793E0A20202020202020202F2F2F20E6A0B9E68DAEE69DA1E4BBB6E69FA5E8AFA2E695B0E68DAEE698AFE590A6E5AD98E59CA80A20202020202020202F2F2F203C2F73756D6D6172793E0A20202020202020202F2F2F203C706172616D206E616D653D227768657265223EE69DA1E4BBB6E8A1A8E8BEBEE5BC8FE6A0913C2F706172616D3E0A20202020202020202F2F2F203C72657475726E733E3C2F72657475726E733E0A2020202020202020626F6F6C20416E792845787072657373696F6E3C46756E633C542C20626F6F6C3E3E207768657265293B0A0A20202020202020202F2F2F203C73756D6D6172793E0A20202020202020202F2F2F20E6A0B9E68DAEE69DA1E4BBB6E59088E8AEA1E5AD97E6AEB50A20202020202020202F2F2F203C2F73756D6D6172793E0A20202020202020202F2F2F203C706172616D206E616D653D227768657265223EE69DA1E4BBB6E8A1A8E8BEBEE5BC8FE6A0913C2F706172616D3E0A20202020202020202F2F2F203C72657475726E733E3C2F72657475726E733E0A202020202020202054526573756C742053756D3C54526573756C743E2845787072657373696F6E3C46756E633C542C20626F6F6C3E3E2077686572652C2045787072657373696F6E3C46756E633C542C2054526573756C743E3E206669656C64293B0A0A0A20202020202020202F2F2F203C73756D6D6172793E0A20202020202020202F2F2F20E6A0B9E68DAEE4B8BBE580BCE69FA5E8AFA2E58D95E69DA1E695B0E68DAE0A20202020202020202F2F2F203C2F73756D6D6172793E0A20202020202020202F2F2F203C706172616D206E616D653D22706B56616C7565223EE4B8BBE994AEE580BC3C2F706172616D3E0A20202020202020202F2F2F203C72657475726E733EE6B39BE59E8BE5AE9EE4BD933C2F72657475726E733E0A202020202020202054204765744964286F626A65637420706B56616C7565293B0A0A0A20202020202020202F2F2F203C73756D6D6172793E0A20202020202020202F2F2F20E6A0B9E68DAEE4B8BBE994AEE69FA5E8AFA2E5A49AE69DA1E695B0E68DAE0A20202020202020202F2F2F203C2F73756D6D6172793E0A20202020202020202F2F2F203C706172616D206E616D653D22696473223E3C2F706172616D3E0A20202020202020202F2F2F203C72657475726E733E3C2F72657475726E733E0A20202020202020204C6973743C543E20476574496E286F626A6563745B5D20696473293B0A0A0A20202020202020202F2F2F203C73756D6D6172793E0A20202020202020202F2F2F20E6A0B9E68DAEE69DA1E4BBB6E58F96E69DA1E695B00A20202020202020202F2F2F203C2F73756D6D6172793E0A20202020202020202F2F2F203C706172616D206E616D653D227768657265223EE69DA1E4BBB6E8A1A8E8BEBEE5BC8FE6A0913C2F706172616D3E0A20202020202020202F2F2F203C72657475726E733E3C2F72657475726E733E0A2020202020202020696E7420476574436F756E742845787072657373696F6E3C46756E633C542C20626F6F6C3E3E207768657265293B0A0A0A20202020202020202F2F2F203C73756D6D6172793E0A20202020202020202F2F2F20E69FA5E8AFA2E68980E69C89E695B0E68DAE28E697A0E58886E9A1B52CE8AFB7E6858EE794A8290A20202020202020202F2F2F203C2F73756D6D6172793E0A20202020202020202F2F2F203C72657475726E733E3C2F72657475726E733E0A20202020202020204C6973743C543E20476574416C6C28626F6F6C207573654361636865203D2066616C73652C20696E742063616368655365636F6E64203D2033363030293B0A0A0A20202020202020202F2F2F203C73756D6D6172793E0A20202020202020202F2F2F20E88EB7E5BE97E4B880E69DA1E695B0E68DAE0A20202020202020202F2F2F203C2F73756D6D6172793E0A20202020202020202F2F2F203C706172616D206E616D653D227768657265223E45787072657373696F6E3C46756E633C542C20626F6F6C3E3E3C2F706172616D3E0A20202020202020202F2F2F203C72657475726E733E3C2F72657475726E733E0A2020202020202020542047657446697273742845787072657373696F6E3C46756E633C542C20626F6F6C3E3E207768657265293B0A0A0A20202020202020202F2F2F203C73756D6D6172793E0A20202020202020202F2F2F20E88EB7E5BE97E4B880E69DA1E695B0E68DAE0A20202020202020202F2F2F203C2F73756D6D6172793E0A20202020202020202F2F2F203C706172616D206E616D653D227061726D223E737472696E673C2F706172616D3E0A20202020202020202F2F2F203C72657475726E733E3C2F72657475726E733E0A20202020202020205420476574466972737428737472696E67207061726D293B0A0A20202020202020202F2F2F203C73756D6D6172793E0A20202020202020202F2F2F20E6A0B9E68DAEE69DA1E4BBB6E69FA5E8AFA2E58886E9A1B5E695B0E68DAE0A20202020202020202F2F2F203C2F73756D6D6172793E0A20202020202020202F2F2F203C706172616D206E616D653D227768657265223E3C2F706172616D3E0A20202020202020202F2F2F203C706172616D206E616D653D227061726D223E3C2F706172616D3E0A20202020202020202F2F2F203C72657475726E733E3C2F72657475726E733E0A20202020202020205061676564496E666F3C543E2047657450616765732845787072657373696F6E3C46756E633C542C20626F6F6C3E3E2077686572652C20506167655061726D207061726D293B0A0A20202020202020202F2F2F203C73756D6D6172793E0A20202020202020202F2F2F20E6A0B9E68DAEE69DA1E4BBB6E69FA5E8AFA2E695B0E68DAE0A20202020202020202F2F2F203C2F73756D6D6172793E0A20202020202020202F2F2F203C706172616D206E616D653D227768657265223EE69DA1E4BBB6E8A1A8E8BEBEE5BC8FE6A0913C2F706172616D3E0A20202020202020202F2F2F203C72657475726E733E3C2F72657475726E733E0A20202020202020204C6973743C543E2047657457686572652845787072657373696F6E3C46756E633C542C20626F6F6C3E3E2077686572652C20626F6F6C207573654361636865203D2066616C73652C20696E742063616368655365636F6E64203D2033363030293B0A0A20202020202020202F2F2F203C73756D6D6172793E0A20202020202020202F2F2F20E6A0B9E68DAEE69DA1E4BBB6E69FA5E8AFA2E695B0E68DAE0A20202020202020202F2F2F203C2F73756D6D6172793E0A20202020202020202F2F2F203C706172616D206E616D653D227768657265223EE69DA1E4BBB6E8A1A8E8BEBEE5BC8FE6A0913C2F706172616D3E0A20202020202020202F2F2F203C72657475726E733E3C2F72657475726E733E0A20202020202020204C6973743C543E2047657457686572652845787072657373696F6E3C46756E633C542C20626F6F6C3E3E2077686572652C2045787072657373696F6E3C46756E633C542C206F626A6563743E3E206F726465722C20737472696E67206F72646572456E756D203D2022417363222C20626F6F6C207573654361636865203D2066616C73652C20696E742063616368655365636F6E64203D2033363030293B0A0A0A202020202020202023656E64726567696F6E0A0A202020202020202023726567696F6E20E4BFAEE694B9E6938DE4BD9C0A0A20202020202020202F2F2F203C73756D6D6172793E0A20202020202020202F2F2F20E4BFAEE694B9E4B880E69DA1E695B0E68DAE0A20202020202020202F2F2F203C2F73756D6D6172793E0A20202020202020202F2F2F203C706172616D206E616D653D227061726D223E543C2F706172616D3E0A20202020202020202F2F2F203C72657475726E733E3C2F72657475726E733E0A2020202020202020696E74205570646174652854207061726D293B0A0A0A20202020202020202F2F2F203C73756D6D6172793E0A20202020202020202F2F2F20E689B9E9878FE4BFAEE694B90A20202020202020202F2F2F203C2F73756D6D6172793E0A20202020202020202F2F2F203C706172616D206E616D653D227061726D223E543C2F706172616D3E0A20202020202020202F2F2F203C72657475726E733E3C2F72657475726E733E0A2020202020202020696E7420557064617465284C6973743C543E207061726D293B0A0A0A20202020202020202F2F2F203C73756D6D6172793E0A20202020202020202F2F2F20E68C89E69FA5E8AFA2E69DA1E4BBB6E69BB4E696B00A20202020202020202F2F2F203C2F73756D6D6172793E0A20202020202020202F2F2F203C706172616D206E616D653D227768657265223E3C2F706172616D3E0A20202020202020202F2F2F203C706172616D206E616D653D22636F6C756D6E73223E3C2F706172616D3E0A20202020202020202F2F2F203C72657475726E733E3C2F72657475726E733E0A2020202020202020696E74205570646174652845787072657373696F6E3C46756E633C542C20626F6F6C3E3E2077686572652C2045787072657373696F6E3C46756E633C542C20543E3E20636F6C756D6E73293B0A0A0A202020202020202023656E64726567696F6E0A0A202020202020202023726567696F6E20E588A0E999A4E6938DE4BD9C0A0A20202020202020202F2F2F203C73756D6D6172793E0A20202020202020202F2F2F20E588A0E999A4E4B880E69DA1E68896E5A49AE69DA1E695B0E68DAE0A20202020202020202F2F2F203C2F73756D6D6172793E0A20202020202020202F2F2F203C706172616D206E616D653D227061726D223E737472696E673C2F706172616D3E0A20202020202020202F2F2F203C72657475726E733E3C2F72657475726E733E0A2020202020202020696E742044656C657465286F626A656374206964293B0A0A0A20202020202020202F2F2F203C73756D6D6172793E0A20202020202020202F2F2F20E588A0E999A4E4B880E69DA1E68896E5A49AE69DA1E695B0E68DAE0A20202020202020202F2F2F203C2F73756D6D6172793E0A20202020202020202F2F2F203C706172616D206E616D653D227061726D223E737472696E673C2F706172616D3E0A20202020202020202F2F2F203C72657475726E733E3C2F72657475726E733E0A2020202020202020696E742044656C657465286F626A6563745B5D20696473293B0A0A20202020202020202F2F2F203C73756D6D6172793E0A20202020202020202F2F2F20E6A0B9E68DAEE69DA1E4BBB6E588A0E999A4E4B880E69DA1E68896E5A49AE69DA1E695B0E68DAE0A20202020202020202F2F2F203C2F73756D6D6172793E0A20202020202020202F2F2F203C706172616D206E616D653D227768657265223EE8BF87E6BBA4E69DA1E4BBB63C2F706172616D3E0A20202020202020202F2F2F203C72657475726E733E3C2F72657475726E733E0A2020202020202020696E742044656C6574652845787072657373696F6E3C46756E633C542C20626F6F6C3E3E207768657265293B0A202020202020202023656E64726567696F6E0A0A202020207D0A7D0A, '0');
INSERT INTO `file_template` VALUES ('17', '1', 'Lym', 'BaseRespository', '2', '类文件(.cs)', '1', '14', '@(Model.DatabaseName)', 'Base@(Model.DatabaseName)Respository.cs', '\0', 0x7573696E672040284D6F64656C2E50726F6A6563744E616D65292E42617365526573706F7369746F72792E457874656E73696F6E733B0A7573696E672040284D6F64656C2E50726F6A6563744E616D65292E436F72652E40284D6F64656C2E44617461626173654E616D65293B0A7573696E672040284D6F64656C2E50726F6A6563744E616D65292E4D6F64656C2E417069526573756C743B0A7573696E672053716C53756761723B0A7573696E672053797374656D3B0A7573696E672053797374656D2E436F6C6C656374696F6E732E47656E657269633B0A7573696E672053797374656D2E4C696E712E45787072657373696F6E733B0A7573696E672053797374656D2E546578743B0A0A6E616D6573706163652040284D6F64656C2E50726F6A6563744E616D65292E42617365526573706F7369746F72792E40284D6F64656C2E44617461626173654E616D65290A7B0A202020202F2F2F203C73756D6D6172793E0A202020202F2F2F20E4BB93E582A8E59FBAE7B1BBE5AE9EE78EB00A202020202F2F2F203C2F73756D6D6172793E0A202020202F2F2F203C74797065706172616D206E616D653D2254223E3C2F74797065706172616D3E0A202020207075626C696320636C617373204261736540284D6F64656C2E44617461626173654E616D6529526573706F7369746F72793C543E203A2040284D6F64656C2E44617461626173654E616D6529436F6E746578743C543E2C204942617365526573706F7369746F72793C543E2077686572652054203A20636C6173732C206E657728290A202020207B0A202020202020202023726567696F6E20E4BA8BE58AA10A0A20202020202020202F2F2F203C73756D6D6172793E0A20202020202020202F2F2F20E590AFE794A8E4BA8BE58AA10A20202020202020202F2F2F203C2F73756D6D6172793E0A20202020202020207075626C696320766F696420426567696E5472616E28290A20202020202020207B0A202020202020202020202020626173652E436F6E746578742E41646F2E426567696E5472616E28293B0A20202020202020207D0A0A20202020202020202F2F2F203C73756D6D6172793E0A20202020202020202F2F2F20E68F90E4BAA4E4BA8BE58AA10A20202020202020202F2F2F203C2F73756D6D6172793E0A20202020202020207075626C696320766F696420436F6D6D69745472616E28290A20202020202020207B0A202020202020202020202020626173652E436F6E746578742E41646F2E436F6D6D69745472616E28293B0A20202020202020207D0A0A20202020202020202F2F2F203C73756D6D6172793E0A20202020202020202F2F2F20E59B9EE6BB9AE4BA8BE58AA10A20202020202020202F2F2F203C2F73756D6D6172793E0A20202020202020207075626C696320766F696420526F6C6C6261636B5472616E28290A20202020202020207B0A202020202020202020202020626173652E436F6E746578742E41646F2E526F6C6C6261636B5472616E28293B0A20202020202020207D0A0A202020202020202023656E64726567696F6E0A0A202020202020202023726567696F6E20E6B7BBE58AA0E6938DE4BD9C0A20202020202020202F2F2F203C73756D6D6172793E0A20202020202020202F2F2F20E6B7BBE58AA0E4B880E69DA1E695B0E68DAE0A20202020202020202F2F2F203C2F73756D6D6172793E0A20202020202020202F2F2F203C706172616D206E616D653D227061726D223E543C2F706172616D3E0A20202020202020202F2F2F203C72657475726E733E3C2F72657475726E733E0A20202020202020207075626C696320696E74204164642854207061726D290A20202020202020207B0A20202020202020202020202072657475726E20626173652E436F6E746578742E496E7365727461626C65287061726D292E52656D6F766544617461436163686528292E45786563757465436F6D6D616E6428293B0A20202020202020207D0A0A20202020202020202F2F2F203C73756D6D6172793E0A20202020202020202F2F2F20E689B9E9878FE6B7BBE58AA0E695B0E68DAE0A20202020202020202F2F2F203C2F73756D6D6172793E0A20202020202020202F2F2F203C706172616D206E616D653D227061726D223E4C6973743C543E3C2F706172616D3E0A20202020202020202F2F2F203C72657475726E733E3C2F72657475726E733E0A20202020202020207075626C696320696E7420416464284C6973743C543E207061726D290A20202020202020207B0A20202020202020202020202072657475726E20626173652E436F6E746578742E496E7365727461626C65287061726D292E52656D6F766544617461436163686528292E45786563757465436F6D6D616E6428293B0A20202020202020207D0A0A20202020202020202F2F2F203C73756D6D6172793E0A20202020202020202F2F2F20E6B7BBE58AA0E68896E69BB4E696B0E695B0E68DAE0A20202020202020202F2F2F203C2F73756D6D6172793E0A20202020202020202F2F2F203C706172616D206E616D653D227061726D223E4C6973743C543E3C2F706172616D3E0A20202020202020202F2F2F203C72657475726E733E3C2F72657475726E733E0A20202020202020207075626C69632054205361766561626C652854207061726D2C2045787072657373696F6E3C46756E633C542C206F626A6563743E3E2075436C756D6E73203D206E756C6C2C2045787072657373696F6E3C46756E633C542C206F626A6563743E3E2069436F6C756D6E73203D206E756C6C290A20202020202020207B0A20202020202020202020202076617220636F6D6D616E64203D20626173652E436F6E746578742E5361766561626C65287061726D293B0A0A2020202020202020202020206966202875436C756D6E7320213D206E756C6C290A2020202020202020202020207B0A20202020202020202020202020202020636F6D6D616E64203D20636F6D6D616E642E55706461746549676E6F7265436F6C756D6E732875436C756D6E73293B0A2020202020202020202020207D0A0A2020202020202020202020206966202869436F6C756D6E7320213D206E756C6C290A2020202020202020202020207B0A20202020202020202020202020202020636F6D6D616E64203D20636F6D6D616E642E496E7365727449676E6F7265436F6C756D6E732869436F6C756D6E73293B0A2020202020202020202020207D0A0A20202020202020202020202072657475726E20636F6D6D616E642E4578656375746552657475726E456E7469747928293B0A20202020202020207D0A0A20202020202020202F2F2F203C73756D6D6172793E0A20202020202020202F2F2F20E689B9E9878FE6B7BBE58AA0E68896E69BB4E696B0E695B0E68DAE0A20202020202020202F2F2F203C2F73756D6D6172793E0A20202020202020202F2F2F203C706172616D206E616D653D227061726D223E4C6973743C543E3C2F706172616D3E0A20202020202020202F2F2F203C72657475726E733E3C2F72657475726E733E0A20202020202020207075626C6963204C6973743C543E205361766561626C65284C6973743C543E207061726D2C2045787072657373696F6E3C46756E633C542C206F626A6563743E3E2075436C756D6E73203D206E756C6C2C2045787072657373696F6E3C46756E633C542C206F626A6563743E3E2069436F6C756D6E73203D206E756C6C290A20202020202020207B0A20202020202020202020202076617220636F6D6D616E64203D20626173652E436F6E746578742E5361766561626C65287061726D293B0A0A2020202020202020202020206966202875436C756D6E7320213D206E756C6C290A2020202020202020202020207B0A20202020202020202020202020202020636F6D6D616E64203D20636F6D6D616E642E55706461746549676E6F7265436F6C756D6E732875436C756D6E73293B0A2020202020202020202020207D0A0A2020202020202020202020206966202869436F6C756D6E7320213D206E756C6C290A2020202020202020202020207B0A20202020202020202020202020202020636F6D6D616E64203D20636F6D6D616E642E496E7365727449676E6F7265436F6C756D6E732869436F6C756D6E73293B0A2020202020202020202020207D0A0A20202020202020202020202072657475726E20636F6D6D616E642E4578656375746552657475726E4C69737428293B0A20202020202020207D0A202020202020202023656E64726567696F6E0A0A202020202020202023726567696F6E20E69FA5E8AFA2E6938DE4BD9C0A0A20202020202020202F2F2F203C73756D6D6172793E0A20202020202020202F2F2F20E6A0B9E68DAEE69DA1E4BBB6E69FA5E8AFA2E695B0E68DAEE698AFE590A6E5AD98E59CA80A20202020202020202F2F2F203C2F73756D6D6172793E0A20202020202020202F2F2F203C706172616D206E616D653D227768657265223EE69DA1E4BBB6E8A1A8E8BEBEE5BC8FE6A0913C2F706172616D3E0A20202020202020202F2F2F203C72657475726E733E3C2F72657475726E733E0A20202020202020207075626C696320626F6F6C20416E792845787072657373696F6E3C46756E633C542C20626F6F6C3E3E207768657265290A20202020202020207B0A20202020202020202020202072657475726E20626173652E436F6E746578742E517565727961626C653C543E28292E416E79287768657265293B0A20202020202020207D0A0A20202020202020202F2F2F203C73756D6D6172793E0A20202020202020202F2F2F20E6A0B9E68DAEE69DA1E4BBB6E59088E8AEA1E5AD97E6AEB50A20202020202020202F2F2F203C2F73756D6D6172793E0A20202020202020202F2F2F203C706172616D206E616D653D227768657265223EE69DA1E4BBB6E8A1A8E8BEBEE5BC8FE6A0913C2F706172616D3E0A20202020202020202F2F2F203C72657475726E733E3C2F72657475726E733E0A20202020202020207075626C69632054526573756C742053756D3C54526573756C743E2845787072657373696F6E3C46756E633C542C20626F6F6C3E3E2077686572652C2045787072657373696F6E3C46756E633C542C2054526573756C743E3E206669656C64290A20202020202020207B0A20202020202020202020202072657475726E20626173652E436F6E746578742E517565727961626C653C543E28292E5768657265287768657265292E53756D286669656C64293B0A20202020202020207D0A0A20202020202020202F2F2F203C73756D6D6172793E0A20202020202020202F2F2F20E6A0B9E68DAEE4B8BBE580BCE69FA5E8AFA2E58D95E69DA1E695B0E68DAE0A20202020202020202F2F2F203C2F73756D6D6172793E0A20202020202020202F2F2F203C706172616D206E616D653D22706B56616C7565223EE4B8BBE994AEE580BC3C2F706172616D3E0A20202020202020202F2F2F203C72657475726E733EE6B39BE59E8BE5AE9EE4BD933C2F72657475726E733E0A20202020202020207075626C69632054204765744964286F626A65637420706B56616C7565290A20202020202020207B0A20202020202020202020202072657475726E20626173652E436F6E746578742E517565727961626C653C543E28292E496E53696E676C6528706B56616C7565293B0A20202020202020207D0A0A20202020202020202F2F2F203C73756D6D6172793E0A20202020202020202F2F2F20E6A0B9E68DAEE4B8BBE994AEE69FA5E8AFA2E5A49AE69DA1E695B0E68DAE0A20202020202020202F2F2F203C2F73756D6D6172793E0A20202020202020202F2F2F203C706172616D206E616D653D22696473223E3C2F706172616D3E0A20202020202020202F2F2F203C72657475726E733E3C2F72657475726E733E0A20202020202020207075626C6963204C6973743C543E20476574496E286F626A6563745B5D20696473290A20202020202020207B0A20202020202020202020202072657475726E20626173652E436F6E746578742E517565727961626C653C543E28292E496E28696473292E546F4C69737428293B0A20202020202020207D0A0A20202020202020202F2F2F203C73756D6D6172793E0A20202020202020202F2F2F20E6A0B9E68DAEE69DA1E4BBB6E58F96E69DA1E695B00A20202020202020202F2F2F203C2F73756D6D6172793E0A20202020202020202F2F2F203C706172616D206E616D653D227768657265223EE69DA1E4BBB6E8A1A8E8BEBEE5BC8FE6A0913C2F706172616D3E0A20202020202020202F2F2F203C72657475726E733E3C2F72657475726E733E0A20202020202020207075626C696320696E7420476574436F756E742845787072657373696F6E3C46756E633C542C20626F6F6C3E3E207768657265290A20202020202020207B0A20202020202020202020202072657475726E20626173652E436F6E746578742E517565727961626C653C543E28292E436F756E74287768657265293B0A0A20202020202020207D0A0A20202020202020202F2F2F203C73756D6D6172793E0A20202020202020202F2F2F20E69FA5E8AFA2E68980E69C89E695B0E68DAE28E697A0E58886E9A1B52CE8AFB7E6858EE794A8290A20202020202020202F2F2F203C2F73756D6D6172793E0A20202020202020202F2F2F203C72657475726E733E3C2F72657475726E733E0A20202020202020207075626C6963204C6973743C543E20476574416C6C28626F6F6C207573654361636865203D2066616C73652C20696E742063616368655365636F6E64203D2033363030290A20202020202020207B0A20202020202020202020202072657475726E20626173652E436F6E746578742E517565727961626C653C543E28292E57697468436163686549462875736543616368652C2063616368655365636F6E64292E546F4C69737428293B0A20202020202020207D0A0A20202020202020202F2F2F203C73756D6D6172793E0A20202020202020202F2F2F20E88EB7E5BE97E4B880E69DA1E695B0E68DAE0A20202020202020202F2F2F203C2F73756D6D6172793E0A20202020202020202F2F2F203C706172616D206E616D653D227768657265223E45787072657373696F6E3C46756E633C542C20626F6F6C3E3E3C2F706172616D3E0A20202020202020202F2F2F203C72657475726E733E3C2F72657475726E733E0A20202020202020207075626C696320542047657446697273742845787072657373696F6E3C46756E633C542C20626F6F6C3E3E207768657265290A20202020202020207B0A20202020202020202020202072657475726E20626173652E436F6E746578742E517565727961626C653C543E28292E5768657265287768657265292E466972737428293B0A20202020202020207D0A0A20202020202020202F2F2F203C73756D6D6172793E0A20202020202020202F2F2F20E88EB7E5BE97E4B880E69DA1E695B0E68DAE0A20202020202020202F2F2F203C2F73756D6D6172793E0A20202020202020202F2F2F203C706172616D206E616D653D227061726D223E737472696E673C2F706172616D3E0A20202020202020202F2F2F203C72657475726E733E3C2F72657475726E733E0A20202020202020207075626C6963205420476574466972737428737472696E67207061726D290A20202020202020207B0A20202020202020202020202072657475726E20626173652E436F6E746578742E517565727961626C653C543E28292E5768657265287061726D292E466972737428293B0A20202020202020207D0A0A0A20202020202020202F2F2F203C73756D6D6172793E0A20202020202020202F2F2F20E6A0B9E68DAEE69DA1E4BBB6E69FA5E8AFA2E58886E9A1B5E695B0E68DAE0A20202020202020202F2F2F203C2F73756D6D6172793E0A20202020202020202F2F2F203C706172616D206E616D653D227768657265223E3C2F706172616D3E0A20202020202020202F2F2F203C706172616D206E616D653D227061726D223E3C2F706172616D3E0A20202020202020202F2F2F203C72657475726E733E3C2F72657475726E733E0A20202020202020207075626C6963205061676564496E666F3C543E2047657450616765732845787072657373696F6E3C46756E633C542C20626F6F6C3E3E2077686572652C20506167655061726D207061726D290A20202020202020207B0A20202020202020202020202076617220736F75726365203D20626173652E436F6E746578742E517565727961626C653C543E28292E5768657265287768657265293B0A0A20202020202020202020202072657475726E20736F757263652E546F50616765287061726D293B0A20202020202020207D0A0A0A20202020202020202F2F2F203C73756D6D6172793E0A20202020202020202F2F2F20E6A0B9E68DAEE69DA1E4BBB6E69FA5E8AFA2E695B0E68DAE0A20202020202020202F2F2F203C2F73756D6D6172793E0A20202020202020202F2F2F203C706172616D206E616D653D227768657265223EE69DA1E4BBB6E8A1A8E8BEBEE5BC8FE6A0913C2F706172616D3E0A20202020202020202F2F2F203C72657475726E733E3C2F72657475726E733E0A20202020202020207075626C6963204C6973743C543E2047657457686572652845787072657373696F6E3C46756E633C542C20626F6F6C3E3E2077686572652C20626F6F6C207573654361636865203D2066616C73652C20696E742063616368655365636F6E64203D2033363030290A20202020202020207B0A202020202020202020202020766172207175657279203D20626173652E436F6E746578742E517565727961626C653C543E28292E5768657265287768657265292E57697468436163686549462875736543616368652C2063616368655365636F6E64293B0A20202020202020202020202072657475726E2071756572792E546F4C69737428293B0A20202020202020207D0A0A20202020202020202F2F2F203C73756D6D6172793E0A09092F2F2F20E6A0B9E68DAEE69DA1E4BBB6E69FA5E8AFA2E695B0E68DAE0A09092F2F2F203C2F73756D6D6172793E0A09092F2F2F203C706172616D206E616D653D227768657265223EE69DA1E4BBB6E8A1A8E8BEBEE5BC8FE6A0913C2F706172616D3E0A09092F2F2F203C72657475726E733E3C2F72657475726E733E0A20202020202020207075626C6963204C6973743C543E2047657457686572652845787072657373696F6E3C46756E633C542C20626F6F6C3E3E2077686572652C2045787072657373696F6E3C46756E633C542C206F626A6563743E3E206F726465722C20737472696E67206F72646572456E756D203D2022417363222C20626F6F6C207573654361636865203D2066616C73652C20696E742063616368655365636F6E64203D2033363030290A20202020202020207B0A202020202020202020202020766172207175657279203D20626173652E436F6E746578742E517565727961626C653C543E28292E5768657265287768657265292E4F7264657242794946286F72646572456E756D203D3D2022417363222C206F726465722C204F726465724279547970652E417363292E4F7264657242794946286F72646572456E756D203D3D202244657363222C206F726465722C204F726465724279547970652E44657363292E57697468436163686549462875736543616368652C2063616368655365636F6E64293B0A20202020202020202020202072657475726E2071756572792E546F4C69737428293B0A20202020202020207D0A0A202020202020202023656E64726567696F6E0A0A202020202020202023726567696F6E20E4BFAEE694B9E6938DE4BD9C0A0A20202020202020202F2F2F203C73756D6D6172793E0A20202020202020202F2F2F20E4BFAEE694B9E4B880E69DA1E695B0E68DAE0A20202020202020202F2F2F203C2F73756D6D6172793E0A20202020202020202F2F2F203C706172616D206E616D653D227061726D223E543C2F706172616D3E0A20202020202020202F2F2F203C72657475726E733E3C2F72657475726E733E0A20202020202020207075626C696320696E74205570646174652854207061726D290A20202020202020207B0A20202020202020202020202072657475726E20626173652E436F6E746578742E55706461746561626C65287061726D292E52656D6F766544617461436163686528292E45786563757465436F6D6D616E6428293B0A20202020202020207D0A0A20202020202020202F2F2F203C73756D6D6172793E0A20202020202020202F2F2F20E689B9E9878FE4BFAEE694B90A20202020202020202F2F2F203C2F73756D6D6172793E0A20202020202020202F2F2F203C706172616D206E616D653D227061726D223E543C2F706172616D3E0A20202020202020202F2F2F203C72657475726E733E3C2F72657475726E733E0A20202020202020207075626C696320696E7420557064617465284C6973743C543E207061726D290A20202020202020207B0A20202020202020202020202072657475726E20626173652E436F6E746578742E55706461746561626C65287061726D292E52656D6F766544617461436163686528292E45786563757465436F6D6D616E6428293B0A20202020202020207D0A0A20202020202020202F2F2F203C73756D6D6172793E0A20202020202020202F2F2F20E68C89E69FA5E8AFA2E69DA1E4BBB6E69BB4E696B00A20202020202020202F2F2F203C2F73756D6D6172793E0A20202020202020202F2F2F203C706172616D206E616D653D227768657265223E3C2F706172616D3E0A20202020202020202F2F2F203C706172616D206E616D653D22636F6C756D6E73223E3C2F706172616D3E0A20202020202020202F2F2F203C72657475726E733E3C2F72657475726E733E0A20202020202020207075626C696320696E74205570646174652845787072657373696F6E3C46756E633C542C20626F6F6C3E3E2077686572652C2045787072657373696F6E3C46756E633C542C20543E3E20636F6C756D6E73290A20202020202020207B0A20202020202020202020202072657475726E20626173652E436F6E746578742E55706461746561626C653C543E28292E536574436F6C756D6E7328636F6C756D6E73292E5768657265287768657265292E52656D6F766544617461436163686528292E45786563757465436F6D6D616E6428293B0A20202020202020207D0A0A202020202020202023656E64726567696F6E0A0A202020202020202023726567696F6E20E588A0E999A4E6938DE4BD9C0A0A20202020202020202F2F2F203C73756D6D6172793E0A20202020202020202F2F2F20E588A0E999A4E4B880E69DA1E68896E5A49AE69DA1E695B0E68DAE0A20202020202020202F2F2F203C2F73756D6D6172793E0A20202020202020202F2F2F203C706172616D206E616D653D227061726D223E737472696E673C2F706172616D3E0A20202020202020202F2F2F203C72657475726E733E3C2F72657475726E733E0A20202020202020207075626C696320696E742044656C657465286F626A656374206964290A20202020202020207B0A20202020202020202020202072657475726E20626173652E436F6E746578742E44656C65746561626C653C543E286964292E52656D6F766544617461436163686528292E45786563757465436F6D6D616E6428293B0A20202020202020207D0A0A20202020202020202F2F2F203C73756D6D6172793E0A20202020202020202F2F2F20E588A0E999A4E4B880E69DA1E68896E5A49AE69DA1E695B0E68DAE0A20202020202020202F2F2F203C2F73756D6D6172793E0A20202020202020202F2F2F203C706172616D206E616D653D227061726D223E737472696E673C2F706172616D3E0A20202020202020202F2F2F203C72657475726E733E3C2F72657475726E733E0A20202020202020207075626C696320696E742044656C657465286F626A6563745B5D20696473290A20202020202020207B0A20202020202020202020202072657475726E20626173652E436F6E746578742E44656C65746561626C653C543E28292E496E28696473292E52656D6F766544617461436163686528292E45786563757465436F6D6D616E6428293B0A20202020202020207D0A0A20202020202020202F2F2F203C73756D6D6172793E0A20202020202020202F2F2F20E6A0B9E68DAEE69DA1E4BBB6E588A0E999A4E4B880E69DA1E68896E5A49AE69DA1E695B0E68DAE0A20202020202020202F2F2F203C2F73756D6D6172793E0A20202020202020202F2F2F203C706172616D206E616D653D227768657265223EE8BF87E6BBA4E69DA1E4BBB63C2F706172616D3E0A20202020202020202F2F2F203C72657475726E733E3C2F72657475726E733E0A20202020202020207075626C696320696E742044656C6574652845787072657373696F6E3C46756E633C542C20626F6F6C3E3E207768657265290A20202020202020207B0A20202020202020202020202072657475726E20626173652E436F6E746578742E44656C65746561626C653C543E28292E5768657265287768657265292E52656D6F766544617461436163686528292E45786563757465436F6D6D616E6428293B0A20202020202020207D0A202020202020202023656E64726567696F6E0A0A202020207D0A7D0A, '0');
INSERT INTO `file_template` VALUES ('18', '1', 'Lym', 'Business', '3', '文件夹', '2', '0', '', 'Business', '\0', null, '0');
INSERT INTO `file_template` VALUES ('19', '1', 'Lym', 'Business', '3', '文件夹', '2', '18', 'Business', '@(Model.DatabaseName)', '\0', null, '2');
INSERT INTO `file_template` VALUES ('20', '1', 'Lym', 'Common', '4', '文件夹', '2', '0', '', 'Common', '\0', null, '0');
INSERT INTO `file_template` VALUES ('21', '1', 'Lym', 'Common', '4', '文件夹', '2', '20', 'Common', 'Helpers', '\0', null, '0');
INSERT INTO `file_template` VALUES ('22', '1', 'Lym', 'Common', '4', '类文件(.cs)', '1', '21', 'Helpers', 'AppSettings.cs', '\0', 0x7573696E67204D6963726F736F66742E457874656E73696F6E732E436F6E66696775726174696F6E3B0A7573696E67204D6963726F736F66742E457874656E73696F6E732E436F6E66696775726174696F6E2E4A736F6E3B0A7573696E67204E6577746F6E736F66742E4A736F6E3B0A7573696E672053797374656D3B0A7573696E672053797374656D2E436F6C6C656374696F6E732E47656E657269633B0A7573696E672053797374656D2E546578743B0A7573696E672053797374656D2E4C696E713B0A0A6E616D6573706163652040284D6F64656C2E50726F6A6563744E616D65292E436F6D6D6F6E2E48656C706572730A7B0A202020207075626C696320636C6173732041707053657474696E67730A202020207B0A20202020202020207075626C6963207374617469632049436F6E66696775726174696F6E20436F6E66696775726174696F6E207B206765743B207365743B207D0A20202020202020207374617469632041707053657474696E677328290A20202020202020207B0A2020202020202020202020202F2F52656C6F61644F6E4368616E6765203D207472756520E5BD9361707073657474696E67732E6A736F6EE8A2ABE4BFAEE694B9E697B6E9878DE696B0E58AA0E8BDBD2020202020202020202020200A202020202020202020202020436F6E66696775726174696F6E203D206E657720436F6E66696775726174696F6E4275696C64657228290A2020202020202020202020202E416464286E6577204A736F6E436F6E66696775726174696F6E536F75726365207B2050617468203D202261707073657474696E67732E6A736F6E222C2052656C6F61644F6E4368616E6765203D2074727565207D290A2020202020202020202020202E4275696C6428293B0A20202020202020207D0A20202020202020202F2F2F203C73756D6D6172793E0A20202020202020202F2F2F20E88EB7E5BE97E9858DE7BDAEE69687E4BBB6E79A84E5AFB9E8B1A1E580BC0A20202020202020202F2F2F203C2F73756D6D6172793E0A20202020202020202F2F2F203C706172616D206E616D653D226A736F6E50617468223E3C2F706172616D3E0A20202020202020202F2F2F203C706172616D206E616D653D226B6579223E3C2F706172616D3E0A20202020202020202F2F2F203C72657475726E733E3C2F72657475726E733E0A20202020202020207075626C69632073746174696320737472696E67204765744A736F6E28737472696E67206A736F6E506174682C20737472696E67206B6579290A20202020202020207B0A20202020202020202020202049436F6E66696775726174696F6E20636F6E666967203D206E657720436F6E66696775726174696F6E4275696C64657228292E4164644A736F6E46696C65286A736F6E50617468292E4275696C6428293B202F2F6A736F6EE69687E4BBB6E59CB0E59D800A202020202020202020202020737472696E672073203D20636F6E6669672E47657453656374696F6E286B6579292E56616C75653B202F2F6A736F6EE69F90E4B8AAE5AFB9E8B1A10A20202020202020202020202072657475726E20733B0A20202020202020207D0A20202020202020202F2F2F203C73756D6D6172793E0A20202020202020202F2F2F20E88EB7E58F96E9858DE7BDAEE69687E4BBB6E695B0E68DAEE5BA93E993BEE68EA50A20202020202020202F2F2F203C2F73756D6D6172793E0A20202020202020202F2F2F203C706172616D206E616D653D2244624E616D65223EE695B0E68DAEE5BA93E5908DE7A7B03C2F706172616D3E0A20202020202020202F2F2F203C72657475726E733E3C2F72657475726E733E0A20202020202020207075626C696320737461746963204461746162617365436F6E6E656374696F6E537472696E67204765744461746162617365436F6E6E656374696F6E28737472696E672044624E616D65290A20202020202020207B0A2020202020202020202020207472790A2020202020202020202020207B0A202020202020202020202020202020204C6973743C4461746162617365436F6E6E656374696F6E537472696E673E206461746162617365436F6E6E656374696F6E4C697374203D206E6577204C6973743C4461746162617365436F6E6E656374696F6E537472696E673E28293B0A20202020202020202020202020202020436F6E66696775726174696F6E2E47657453656374696F6E28224462436F6E6E656374696F6E3A64624C69737422292E42696E64286461746162617365436F6E6E656374696F6E4C697374293B0A202020202020202020202020202020202F2F766172206461746162617365436F6E6E656374696F6E4C697374203D204A736F6E436F6E766572742E446573657269616C697A654F626A6563743C4C6973743C4461746162617365436F6E6E656374696F6E537472696E673E3E28436F6E66696775726174696F6E2E476574436F6E6E656374696F6E537472696E6728224462436F6E6E656374696F6E2229293B0A20202020202020202020202020202020766172206461746162617365436F6E6E656374696F6E203D206461746162617365436F6E6E656374696F6E4C6973742E57686572652861203D3E20612E4E616D65203D3D2044624E616D65292E466972737428293B0A2020202020202020202020202020202072657475726E206461746162617365436F6E6E656374696F6E3B0A2020202020202020202020207D0A20202020202020202020202063617463682028457863657074696F6E290A2020202020202020202020207B200A202020202020202020202020202020207468726F77206E657720457863657074696F6E282261707073657474696E67732E6A736F6E20E9858DE7BDAEE69687E4BBB6E69CAAE883BDE689BEE588B0E68C87E5AE9AE9858DE7BDAEE695B0E68DAEE5BA93E4BFA1E681AF22293B0A2020202020202020202020207D20200A20202020202020207D0A202020207D0A0A202020207075626C696320636C617373204461746162617365436F6E6E656374696F6E537472696E670A202020207B0A20202020202020207075626C696320737472696E67204E616D65207B206765743B207365743B207D0A20202020202020207075626C696320737472696E6720436F6E6E656374696F6E537472696E67207B206765743B207365743B207D0A20202020202020207075626C696320696E7420446254797065207B206765743B207365743B207D0A20202020202020207075626C696320626F6F6C20486173536C617665207B206765743B207365743B207D0A0A20202020202020207075626C6963204C6973743C536C617665436F6E6E656374696F6E537472696E673E20536C617665436F6E6E656374696F6E537472696E674C697374207B206765743B207365743B207D0A202020207D0A202020207075626C696320636C61737320536C617665436F6E6E656374696F6E537472696E670A202020207B0A20202020202020207075626C696320696E742048697452617465207B206765743B207365743B207D0A20202020202020207075626C696320737472696E6720436F6E6E656374696F6E537472696E67207B206765743B207365743B207D0A202020207D0A7D0A, '0');
INSERT INTO `file_template` VALUES ('24', '1', 'Lym', 'Common', '4', '类文件(.cs)', '1', '21', 'Helpers', 'HumpNameHelper.cs', '\0', 0x7573696E672053797374656D3B0A7573696E672053797374656D2E436F6C6C656374696F6E732E47656E657269633B0A7573696E672053797374656D2E4C696E713B0A7573696E672053797374656D2E546578742E526567756C617245787072657373696F6E733B0A7573696E672053797374656D2E546872656164696E672E5461736B733B0A6E616D6573706163652040284D6F64656C2E50726F6A6563744E616D65292E436F6D6D6F6E2E48656C706572730A7B0A202020202F2F2F203C73756D6D6172793E0A202020202F2F2F20E9A9BCE5B3B0E591BDE5908D0A202020202F2F2F203C2F73756D6D6172793E0A202020207075626C69632073746174696320636C6173732048756D704E616D6548656C7065720A202020207B0A20202020202020202F2F2F203C73756D6D6172793E0A20202020202020202F2F2F20E8BDACE68DA2E9A9BCE5B3B0E591BDE5908D0A20202020202020202F2F2F203C2F73756D6D6172793E0A20202020202020202F2F2F203C706172616D206E616D653D22737472223E3C2F706172616D3E0A20202020202020202F2F2F203C72657475726E733E3C2F72657475726E733E0A20202020202020207075626C69632073746174696320737472696E6720546F48756D704E616D6528737472696E6720737472290A20202020202020207B0A2020202020202020202020202F2FE9A9BCE5B3B0E6ADA3E58899E8A1A8E8BEBEE5BC8F0A202020202020202020202020526567657820726567203D206E65772052656765782822285C5C737C5F7C2D292B22293B0A2020202020202020202020202F2FE6ADA3E58899E8A1A8E8BEBEE5BC8FE8BDACE68DA2E9A9BCE5B3B0E591BDE5908D0A202020202020202020202020666F726561636820284D61746368206974656D20696E207265672E4D6174636865732873747229290A2020202020202020202020207B0A20202020202020202020202020202020737472203D207374722E5265706C616365286974656D2E56616C75652C202222293B0A20202020202020202020202020202020766172205570706572537472203D207374725B6974656D2E496E6465785D2E546F537472696E6728292E546F557070657228293B0A20202020202020202020202020202020737472203D207374722E52656D6F7665286974656D2E496E6465782C2031293B0A20202020202020202020202020202020737472203D207374722E496E73657274286974656D2E496E6465782C205570706572537472293B200A2020202020202020202020207D0A2020202020202020202020202F2FE9A696E5AD97E6AF8DE698AFE4B88DE698AFE5B08FE58699E5AD97E6AF8D0A2020202020202020202020206966202852656765782E49734D61746368287374725B305D2E546F537472696E6728292C20225B612D7A5D2229290A2020202020202020202020207B0A20202020202020202020202020202020766172206669727374537472203D207374725B305D2E546F537472696E6728292E546F557070657228293B0A20202020202020202020202020202020737472203D207374722E52656D6F766528302C31293B0A20202020202020202020202020202020737472203D207374722E496E7365727428302C206669727374537472293B200A2020202020202020202020207D0A20202020202020202020202072657475726E207374723B0A20202020202020207D0A202020207D0A7D0A, '0');
INSERT INTO `file_template` VALUES ('25', '1', 'Lym', 'Common', '4', '类文件(.cs)', '1', '21', 'Helpers', 'PubHelper.cs', '\0', 0x7573696E67204C796D2E436F6D6D6F6E2E48656C706572733B0A7573696E67204E6577746F6E736F66742E4A736F6E2E4C696E713B200A7573696E672053797374656D3B0A7573696E672053797374656D2E436F6C6C656374696F6E732E47656E657269633B0A7573696E672053797374656D2E446174613B0A7573696E672053797374656D2E53656375726974792E43727970746F6772617068793B0A7573696E672053797374656D2E53656375726974792E43727970746F6772617068792E583530394365727469666963617465733B0A7573696E672053797374656D2E546578743B0A0A6E616D6573706163652040284D6F64656C2E50726F6A6563744E616D65292E436F6D6D6F6E2E48656C706572730A7B0A202020202F2F2F203C73756D6D6172793E0A202020202F2F2F20E68EA7E588B6E599A8E585ACE69C89E7B1BB0A202020202F2F2F203C2F73756D6D6172793E0A202020207075626C69632073746174696320636C6173732050756248656C7065720A202020207B0A20202020202020202F2F2F203C73756D6D6172793E0A20202020202020202F2F2F20E58AA0E5AF860A20202020202020202F2F2F203C2F73756D6D6172793E0A20202020202020202F2F2F203C706172616D206E616D653D2254657874223EE8A681E58AA0E5AF86E79A84E69687E69CAC3C2F706172616D3E0A20202020202020202F2F2F203C72657475726E733E3C2F72657475726E733E0A20202020202020207075626C69632073746174696320737472696E67204445534D4435456E637279707428737472696E672054657874290A20202020202020207B0A2020202020202020202020202F2F4D4435E5AF86E992A50A202020202020202020202020737472696E6720734B6579203D2041707053657474696E67732E436F6E66696775726174696F6E5B2241707053657474696E67733A4D44354B4559225D3B0A20202020202020202020202044455343727970746F5365727669636550726F766964657220646573203D206E65772044455343727970746F5365727669636550726F766964657228293B0A202020202020202020202020627974655B5D20696E7075744279746541727261793B0A202020202020202020202020696E707574427974654172726179203D20456E636F64696E672E44656661756C742E47657442797465732854657874293B0A2020202020202020202020206465732E4B6579203D204153434949456E636F64696E672E41534349492E4765744279746573284D64354861736828734B6579292E537562737472696E6728302C203829293B0A2020202020202020202020206465732E4956203D204153434949456E636F64696E672E41534349492E4765744279746573284D64354861736828734B6579292E537562737472696E6728302C203829293B0A20202020202020202020202053797374656D2E494F2E4D656D6F727953747265616D206D73203D206E65772053797374656D2E494F2E4D656D6F727953747265616D28293B0A20202020202020202020202043727970746F53747265616D206373203D206E65772043727970746F53747265616D286D732C206465732E437265617465456E63727970746F7228292C2043727970746F53747265616D4D6F64652E5772697465293B0A20202020202020202020202063732E577269746528696E7075744279746541727261792C20302C20696E7075744279746541727261792E4C656E677468293B0A20202020202020202020202063732E466C75736846696E616C426C6F636B28293B0A202020202020202020202020537472696E674275696C64657220726574203D206E657720537472696E674275696C64657228293B0A202020202020202020202020666F7265616368202862797465206220696E206D732E546F41727261792829290A2020202020202020202020207B0A202020202020202020202020202020207265742E417070656E64466F726D617428227B303A58327D222C2062293B0A2020202020202020202020207D0A20202020202020202020202072657475726E207265742E546F537472696E6728293B0A20202020202020207D0A0A20202020202020202F2F2F203C73756D6D6172793E0A20202020202020202F2F2F20E8A7A3E5AF860A20202020202020202F2F2F203C2F73756D6D6172793E0A20202020202020202F2F2F203C706172616D206E616D653D2254657874223E3C2F706172616D3E0A20202020202020202F2F2F203C72657475726E733E3C2F72657475726E733E0A20202020202020207075626C69632073746174696320737472696E67204445534D44354465637279707428737472696E672054657874290A20202020202020207B0A2020202020202020202020202F2F4D4435E5AF86E992A50A202020202020202020202020737472696E6720734B6579203D2041707053657474696E67732E436F6E66696775726174696F6E5B2241707053657474696E67733A4D44354B4559225D3B0A20202020202020202020202044455343727970746F5365727669636550726F766964657220646573203D206E65772044455343727970746F5365727669636550726F766964657228293B0A202020202020202020202020696E74206C656E3B0A2020202020202020202020206C656E203D20546578742E4C656E677468202F20323B0A202020202020202020202020627974655B5D20696E707574427974654172726179203D206E657720627974655B6C656E5D3B0A202020202020202020202020696E7420782C20693B0A202020202020202020202020666F72202878203D20303B2078203C206C656E3B20782B2B290A2020202020202020202020207B0A2020202020202020202020202020202069203D20436F6E766572742E546F496E74333228546578742E537562737472696E672878202A20322C2032292C203136293B0A20202020202020202020202020202020696E7075744279746541727261795B785D203D20286279746529693B0A2020202020202020202020207D0A2020202020202020202020206465732E4B6579203D204153434949456E636F64696E672E41534349492E4765744279746573284D64354861736828734B6579292E537562737472696E6728302C203829293B0A2020202020202020202020206465732E4956203D204153434949456E636F64696E672E41534349492E4765744279746573284D64354861736828734B6579292E537562737472696E6728302C203829293B0A20202020202020202020202053797374656D2E494F2E4D656D6F727953747265616D206D73203D206E65772053797374656D2E494F2E4D656D6F727953747265616D28293B0A20202020202020202020202043727970746F53747265616D206373203D206E65772043727970746F53747265616D286D732C206465732E437265617465446563727970746F7228292C2043727970746F53747265616D4D6F64652E5772697465293B0A20202020202020202020202063732E577269746528696E7075744279746541727261792C20302C20696E7075744279746541727261792E4C656E677468293B0A20202020202020202020202063732E466C75736846696E616C426C6F636B28293B0A20202020202020202020202072657475726E20456E636F64696E672E44656661756C742E476574537472696E67286D732E546F41727261792829293B0A20202020202020207D0A0A20202020202020202F2F2F203C73756D6D6172793E0A20202020202020202F2F2F203332E4BD8D4D4435E58AA0E5AF860A20202020202020202F2F2F203C2F73756D6D6172793E0A20202020202020202F2F2F203C706172616D206E616D653D22696E707574223E3C2F706172616D3E0A20202020202020202F2F2F203C72657475726E733E3C2F72657475726E733E0A2020202020202020707269766174652073746174696320737472696E67204D64354861736828737472696E6720696E707574290A20202020202020207B0A2020202020202020202020204D443543727970746F5365727669636550726F7669646572206D6435486173686572203D206E6577204D443543727970746F5365727669636550726F766964657228293B0A202020202020202020202020627974655B5D2064617461203D206D64354861736865722E436F6D707574654861736828456E636F64696E672E44656661756C742E476574427974657328696E70757429293B0A202020202020202020202020537472696E674275696C64657220734275696C646572203D206E657720537472696E674275696C64657228293B0A202020202020202020202020666F722028696E742069203D20303B2069203C20646174612E4C656E6774683B20692B2B290A2020202020202020202020207B0A20202020202020202020202020202020734275696C6465722E417070656E6428646174615B695D2E546F537472696E67282278322229293B0A2020202020202020202020207D0A20202020202020202020202072657475726E20734275696C6465722E546F537472696E6728293B0A20202020202020207D0A0A20202020202020202F2F2F203C73756D6D6172793E0A20202020202020202F2F2F204D4435E58AA0E5AF860A20202020202020202F2F2F203C2F73756D6D6172793E0A20202020202020202F2F2F203C706172616D206E616D653D22696E70757456616C7565223E3C2F706172616D3E0A20202020202020202F2F2F203C72657475726E733E3C2F72657475726E733E0A20202020202020207075626C69632073746174696320737472696E67204D4435456E63727970744E455728737472696E6720696E70757456616C7565290A20202020202020207B0A2020202020202020202020202F2F3332E4BD8DE5A4A7E586990A2020202020202020202020207573696E672028766172206D6435203D204D44352E4372656174652829290A2020202020202020202020207B0A2020202020202020202020202020202076617220726573756C74203D206D64352E436F6D707574654861736828456E636F64696E672E555446382E476574427974657328696E70757456616C756529293B0A2020202020202020202020202020202076617220737472526573756C74203D20426974436F6E7665727465722E546F537472696E6728726573756C74293B0A20202020202020202020202020202020737472696E6720726573756C7433203D20737472526573756C742E5265706C61636528222D222C202222293B0A2020202020202020202020202020202072657475726E20726573756C74333B0A2020202020202020202020207D0A20202020202020207D0A0A202020202020202023726567696F6E203344455320E7AE97E6B3950A0A20202020202020202F2F2F203C73756D6D6172793E33444553E58AA0E5AF860A20202020202020202F2F2F2033444553E58AA0E5AF860A20202020202020202F2F2F203C2F73756D6D6172793E0A20202020202020202F2F2F203C706172616D206E616D653D22696E707574223E3C2F706172616D3E0A20202020202020202F2F2F203C706172616D206E616D653D226B6579223E3C2F706172616D3E0A20202020202020202F2F2F203C72657475726E733E3C2F72657475726E733E0A20202020202020207075626C69632073746174696320737472696E6720446573456E637279707428737472696E6720696E7075742C20737472696E67206B6579290A20202020202020207B0A202020202020202020202020627974655B5D20696E7075744172726179203D20456E636F64696E672E555446382E476574427974657328696E707574293B0A20202020202020202020202076617220747269706C65444553203D20547269706C654445532E43726561746528293B0A20202020202020202020202076617220627974654B6579203D20456E636F64696E672E555446382E4765744279746573286B6579293B0A202020202020202020202020627974655B5D20616C6C4B6579203D206E657720627974655B32345D3B0A2020202020202020202020204275666665722E426C6F636B436F707928627974654B65792C20302C20616C6C4B65792C20302C203136293B0A2020202020202020202020204275666665722E426C6F636B436F707928627974654B65792C20302C20616C6C4B65792C2031362C2038293B0A202020202020202020202020747269706C654445532E4B6579203D20616C6C4B65793B0A202020202020202020202020747269706C654445532E4D6F6465203D204369706865724D6F64652E4543423B0A202020202020202020202020747269706C654445532E50616464696E67203D2050616464696E674D6F64652E504B4353373B0A2020202020202020202020204943727970746F5472616E73666F726D20635472616E73666F726D203D20747269706C654445532E437265617465456E63727970746F7228293B0A202020202020202020202020627974655B5D20726573756C744172726179203D20635472616E73666F726D2E5472616E73666F726D46696E616C426C6F636B28696E70757441727261792C20302C20696E70757441727261792E4C656E677468293B0A20202020202020202020202072657475726E20436F6E766572742E546F426173653634537472696E6728726573756C7441727261792C20302C20726573756C7441727261792E4C656E677468293B0A20202020202020207D0A0A20202020202020202F2F2F203C73756D6D6172793E33444553E8A7A3E5AF860A20202020202020202F2F2F2033444553E8A7A3E5AF860A20202020202020202F2F2F203C2F73756D6D6172793E0A20202020202020202F2F2F203C706172616D206E616D653D22696E707574223E3C2F706172616D3E0A20202020202020202F2F2F203C706172616D206E616D653D226B6579223E3C2F706172616D3E0A20202020202020202F2F2F203C72657475726E733E3C2F72657475726E733E0A20202020202020207075626C69632073746174696320737472696E67204465734465637279707428737472696E6720696E7075742C20737472696E67206B6579290A20202020202020207B0A202020202020202020202020627974655B5D20696E7075744172726179203D20436F6E766572742E46726F6D426173653634537472696E6728696E707574293B0A20202020202020202020202076617220747269706C65444553203D20547269706C654445532E43726561746528293B0A20202020202020202020202076617220627974654B6579203D20456E636F64696E672E555446382E4765744279746573286B6579293B0A202020202020202020202020627974655B5D20616C6C4B6579203D206E657720627974655B32345D3B0A2020202020202020202020204275666665722E426C6F636B436F707928627974654B65792C20302C20616C6C4B65792C20302C203136293B0A2020202020202020202020204275666665722E426C6F636B436F707928627974654B65792C20302C20616C6C4B65792C2031362C2038293B0A202020202020202020202020747269706C654445532E4B6579203D20616C6C4B65793B0A202020202020202020202020747269706C654445532E4D6F6465203D204369706865724D6F64652E4543423B0A202020202020202020202020747269706C654445532E50616464696E67203D2050616464696E674D6F64652E504B4353373B0A2020202020202020202020204943727970746F5472616E73666F726D20635472616E73666F726D203D20747269706C654445532E437265617465446563727970746F7228293B0A202020202020202020202020627974655B5D20726573756C744172726179203D20635472616E73666F726D2E5472616E73666F726D46696E616C426C6F636B28696E70757441727261792C20302C20696E70757441727261792E4C656E677468293B0A20202020202020202020202072657475726E20456E636F64696E672E555446382E476574537472696E6728726573756C744172726179293B0A20202020202020207D0A0A202020202020202023656E64726567696F6E203344455320E7AE97E6B3950A0A202020202020202023726567696F6E205348412D32353620E7AE97E6B395E7ADBEE5908DE5928CE9AA8CE7ADBE0A0A2020202020202020707269766174652073746174696320737472696E67205369676E28737472696E6720636F6E74656E74466F725369676E2C20737472696E67207072694B657946696C652C20737472696E67206B6579507764290A20202020202020207B0A20202020202020202020202076617220727361203D20476574507269766174654B6579287072694B657946696C652C206B6579507764293B0A2020202020202020202020202F2F204372656174652061206E65772052534143727970746F5365727669636550726F76696465720A20202020202020202020202076617220727361436C656172203D206E65772052534143727970746F5365727669636550726F766964657228293B0A2020202020202020202020202F2F204578706F72742052534120706172616D65746572732066726F6D20277273612720616E6420696D706F7274207468656D20696E746F2027727361436C656172270A202020202020202020202020766172207061726173203D207273612E4578706F7274506172616D65746572732874727565293B0A202020202020202020202020727361436C6561722E496D706F7274506172616D6574657273287061726173293B0A202020202020202020202020766172207369676E44617461203D207273612E5369676E4461746128456E636F64696E672E555446382E476574427974657328636F6E74656E74466F725369676E292C2048617368416C676F726974686D4E616D652E5348413235362C205253415369676E617475726550616464696E672E506B637331293B0A20202020202020202020202072657475726E204279746573546F486578287369676E44617461293B0A20202020202020207D0A0A2020202020202020707269766174652073746174696320626F6F6C205665726966795369676E28737472696E6720636F6E74656E74466F725369676E2C20737472696E67207369676E6564446174612C20737472696E67207075624B657946696C65290A20202020202020207B0A20202020202020202020202076617220727361203D204765745075626C69634B6579287075624B657946696C65293B0A20202020202020202020202072657475726E207273612E5665726966794461746128456E636F64696E672E555446382E476574427974657328636F6E74656E74466F725369676E292C20486578546F4279746573287369676E656444617461292C2048617368416C676F726974686D4E616D652E5348413235362C205253415369676E617475726550616464696E672E506B637331293B0A20202020202020207D0A0A20202020202020202F2F2F203C73756D6D6172793E0A20202020202020202F2F2F20E88EB7E58F96E7ADBEE5908DE8AF81E4B9A6E7A781E992A50A20202020202020202F2F2F203C2F73756D6D6172793E0A20202020202020202F2F2F203C706172616D206E616D653D227072694B657946696C65223E3C2F706172616D3E0A20202020202020202F2F2F203C706172616D206E616D653D226B6579507764223E3C2F706172616D3E0A20202020202020202F2F2F203C72657475726E733E3C2F72657475726E733E0A2020202020202020707269766174652073746174696320525341436E6720476574507269766174654B657928737472696E67207072694B657946696C652C20737472696E67206B6579507764290A20202020202020207B0A202020202020202020202020766172207063203D206E65772058353039436572746966696361746532287072694B657946696C652C206B65795077642C20583530394B657953746F72616765466C6167732E4578706F727461626C65207C20583530394B657953746F72616765466C6167732E4D616368696E654B6579536574293B0A20202020202020202020202072657475726E2028525341436E672970632E507269766174654B65793B0A20202020202020207D0A0A20202020202020202F2F2F203C73756D6D6172793E0A20202020202020202F2F2F20E88EB7E58F96E9AA8CE7ADBEE8AF81E4B9A60A20202020202020202F2F2F203C2F73756D6D6172793E0A20202020202020202F2F2F203C706172616D206E616D653D227075624B657946696C65223E3C2F706172616D3E0A20202020202020202F2F2F203C72657475726E733E3C2F72657475726E733E0A2020202020202020707269766174652073746174696320525341436E67204765745075626C69634B657928737472696E67207075624B657946696C65290A20202020202020207B0A202020202020202020202020766172207063203D206E65772058353039436572746966696361746532287075624B657946696C65293B0A20202020202020202020202072657475726E2028525341436E672970632E5075626C69634B65792E4B65793B0A20202020202020207D0A0A20202020202020207075626C69632073746174696320627974655B5D20486578546F427974657328737472696E672074657874290A20202020202020207B0A20202020202020202020202069662028746578742E4C656E6774682025203220213D2030290A202020202020202020202020202020207468726F77206E657720417267756D656E74457863657074696F6E28227465787420E995BFE5BAA6E4B8BAE5A587E695B0E3808222293B0A0A2020202020202020202020204C6973743C627974653E206C7374526574203D206E6577204C6973743C627974653E28293B0A202020202020202020202020666F722028696E742069203D20303B2069203C20746578742E4C656E6774683B2069203D2069202B2032290A2020202020202020202020207B0A202020202020202020202020202020206C73745265742E41646428436F6E766572742E546F4279746528746578742E537562737472696E6728692C2032292C20313629293B0A2020202020202020202020207D0A20202020202020202020202072657475726E206C73745265742E546F417272617928293B0A20202020202020207D0A0A20202020202020202F2F2F203C73756D6D6172793E0A20202020202020202F2F2F206279746573E8BDACE68DA26865780A20202020202020202F2F2F203C2F73756D6D6172793E0A20202020202020202F2F2F203C706172616D206E616D653D2264617461223E62797465733C2F706172616D3E0A20202020202020202F2F2F203C72657475726E733EE8BDACE68DA2E5908EE79A84686578E5AD97E7ACA6E4B8B23C2F72657475726E733E0A20202020202020207075626C69632073746174696320737472696E67204279746573546F48657828627974655B5D2064617461290A20202020202020207B0A202020202020202020202020537472696E674275696C646572207362526574203D206E657720537472696E674275696C64657228646174612E4C656E677468202A2032293B0A202020202020202020202020666F722028696E742069203D20303B2069203C20646174612E4C656E6774683B20692B2B290A2020202020202020202020207B0A2020202020202020202020202020202073625265742E417070656E6428436F6E766572742E546F537472696E6728646174615B695D2C203136292E5061644C65667428322C2027302729293B0A2020202020202020202020207D0A20202020202020202020202072657475726E2073625265742E546F537472696E6728293B0A20202020202020207D0A0A202020202020202023656E64726567696F6E205348412D32353620E7AE97E6B395E7ADBEE5908DE5928CE9AA8CE7ADBE0A0A202020202020200A202020207D0A7D, '0');
INSERT INTO `file_template` VALUES ('26', '1', 'Lym', 'Common', '4', '文件夹', '2', '20', 'Common', 'MS', '\0', null, '0');
INSERT INTO `file_template` VALUES ('27', '1', 'Lym', 'Common', '4', '类文件(.cs)', '1', '26', 'MS', 'Cipher.cs', '\0', 0x7573696E67204F72672E426F756E6379436173746C652E43727970746F3B0A7573696E67204F72672E426F756E6379436173746C652E43727970746F2E506172616D65746572733B0A7573696E67204F72672E426F756E6379436173746C652E4D6174683B0A7573696E67204F72672E426F756E6379436173746C652E4D6174682E45433B20200A0A6E616D6573706163652040284D6F64656C2E50726F6A6563744E616D65292E436F6D6D6F6E2E4D530A7B0A202020207075626C696320636C617373204369706865720A202020207B0A20202020202020207072697661746520696E74206374203D20313B0A0A202020202020202070726976617465204543506F696E742070323B0A20202020202020207072697661746520534D3344696765737420736D336B6579626173653B0A20202020202020207072697661746520534D3344696765737420736D3363333B0A0A20202020202020207072697661746520627974655B5D206B6579203D206E657720627974655B33325D3B0A2020202020202020707269766174652062797465206B65794F6666203D20303B0A0A20202020202020207075626C69632043697068657228290A20202020202020207B0A20202020202020207D0A0A20202020202020207072697661746520766F696420526573657428290A20202020202020207B0A202020202020202020202020736D336B657962617365203D206E657720534D3344696765737428293B0A202020202020202020202020736D336333203D206E657720534D3344696765737428293B0A0A202020202020202020202020627974655B5D20703B0A0A20202020202020202020202070203D2070322E582E546F426967496E746567657228292E546F42797465417272617928293B0A202020202020202020202020736D336B6579626173652E426C6F636B55706461746528702C20302C20702E4C656E677468293B0A202020202020202020202020736D3363332E426C6F636B55706461746528702C20302C20702E4C656E677468293B0A0A20202020202020202020202070203D2070322E592E546F426967496E746567657228292E546F42797465417272617928293B0A202020202020202020202020736D336B6579626173652E426C6F636B55706461746528702C20302C20702E4C656E677468293B0A0A2020202020202020202020206374203D20313B0A2020202020202020202020204E6578744B657928293B0A20202020202020207D0A0A20202020202020207072697661746520766F6964204E6578744B657928290A20202020202020207B0A202020202020202020202020534D3344696765737420736D336B6579637572203D206E657720534D3344696765737428736D336B657962617365293B0A202020202020202020202020736D336B65796375722E55706461746528286279746529286374203E3E20323420262030783030666629293B0A202020202020202020202020736D336B65796375722E55706461746528286279746529286374203E3E20313620262030783030666629293B0A202020202020202020202020736D336B65796375722E55706461746528286279746529286374203E3E203820262030783030666629293B0A202020202020202020202020736D336B65796375722E5570646174652828627974652928637420262030783030666629293B0A202020202020202020202020736D336B65796375722E446F46696E616C286B65792C2030293B0A2020202020202020202020206B65794F6666203D20303B0A20202020202020202020202063742B2B3B0A20202020202020207D0A0A20202020202020207075626C6963207669727475616C204543506F696E7420496E69745F656E6328534D3220736D322C204543506F696E7420757365724B6579290A20202020202020207B0A202020202020202020202020426967496E7465676572206B203D206E756C6C3B0A2020202020202020202020204543506F696E74206331203D206E756C6C3B0A0A2020202020202020202020204173796D6D65747269634369706865724B657950616972206B6579203D20736D322E6563635F6B65795F706169725F67656E657261746F722E47656E65726174654B65795061697228293B0A2020202020202020202020204543507269766174654B6579506172616D657465727320656370726976203D20284543507269766174654B6579506172616D6574657273296B65792E507269766174653B0A20202020202020202020202045435075626C69634B6579506172616D6574657273206563707562203D202845435075626C69634B6579506172616D6574657273296B65792E5075626C69633B0A2020202020202020202020206B203D206563707269762E443B0A2020202020202020202020206331203D2065637075622E513B0A0A2020202020202020202020207032203D20757365724B65792E4D756C7469706C79286B293B0A202020202020202020202020526573657428293B0A0A20202020202020202020202072657475726E2063313B0A20202020202020207D0A0A20202020202020202F2F2F203C73756D6D6172793E0A20202020202020202F2F2F20E58AA0E5AF860A20202020202020202F2F2F203C2F73756D6D6172793E0A20202020202020202F2F2F203C706172616D206E616D653D2264617461223E3C2F706172616D3E0A20202020202020207075626C6963207669727475616C20766F696420456E637279707428627974655B5D2064617461290A20202020202020207B0A202020202020202020202020736D3363332E426C6F636B55706461746528646174612C20302C20646174612E4C656E677468293B0A202020202020202020202020666F722028696E742069203D20303B2069203C20646174612E4C656E6774683B20692B2B290A2020202020202020202020207B0A20202020202020202020202020202020696620286B65794F6666203D3D206B65792E4C656E677468290A20202020202020202020202020202020202020204E6578744B657928293B0A0A20202020202020202020202020202020646174615B695D205E3D206B65795B6B65794F66662B2B5D3B0A2020202020202020202020207D0A20202020202020207D0A0A20202020202020207075626C6963207669727475616C20766F696420496E69745F64656328426967496E74656765722075736572442C204543506F696E74206331290A20202020202020207B0A2020202020202020202020207032203D2063312E4D756C7469706C79287573657244293B0A202020202020202020202020526573657428293B0A20202020202020207D0A0A20202020202020207075626C6963207669727475616C20766F6964204465637279707428627974655B5D2064617461290A20202020202020207B0A202020202020202020202020666F722028696E742069203D20303B2069203C20646174612E4C656E6774683B20692B2B290A2020202020202020202020207B0A20202020202020202020202020202020696620286B65794F6666203D3D206B65792E4C656E677468290A20202020202020202020202020202020202020204E6578744B657928293B0A0A20202020202020202020202020202020646174615B695D205E3D206B65795B6B65794F66662B2B5D3B0A2020202020202020202020207D0A202020202020202020202020736D3363332E426C6F636B55706461746528646174612C20302C20646174612E4C656E677468293B0A20202020202020207D0A0A20202020202020207075626C6963207669727475616C20766F696420446F66696E616C28627974655B5D206333290A20202020202020207B0A202020202020202020202020627974655B5D2070203D2070322E592E546F426967496E746567657228292E546F42797465417272617928293B0A202020202020202020202020736D3363332E426C6F636B55706461746528702C20302C20702E4C656E677468293B0A202020202020202020202020736D3363332E446F46696E616C2863332C2030293B0A202020202020202020202020526573657428293B0A20202020202020207D0A202020207D0A7D, '0');
INSERT INTO `file_template` VALUES ('28', '1', 'Lym', 'Common', '4', '类文件(.cs)', '1', '26', 'MS', 'HealthCardP.cs', '\0', 0x7573696E67204E616E63792E4A736F6E3B0A7573696E672053797374656D3B0A7573696E672053797374656D2E436F6C6C656374696F6E732E47656E657269633B0A7573696E672053797374656D2E546578743B0A0A2F2F7573696E672053797374656D2E5765622E5363726970742E53657269616C697A6174696F6E3B0A0A6E616D6573706163652040284D6F64656C2E50726F6A6563744E616D65292E436F6D6D6F6E2E4D530A7B0A202020207075626C696320636C617373204865616C746843617264500A202020207B0A20202020202020202F2F2F203C73756D6D6172793E0A20202020202020202F2F2F20E58692E6B3A1E68E92E5BA8F0A20202020202020202F2F2F203C2F73756D6D6172793E0A20202020202020202F2F2F203C706172616D206E616D653D2264617461223E3C2F706172616D3E0A20202020202020207075626C69632073746174696320766F696420427562626C65536F72742872656620737472696E675B5D2064617461290A20202020202020207B0A202020202020202020202020737472696E672074656D703B0A202020202020202020202020696E74204669727374417363203D20303B0A202020202020202020202020696E74205365636F6E64417363203D20303B0A202020202020202020202020666F722028696E742069203D20303B2069203C20646174612E4C656E677468202D20313B20692B2B290A2020202020202020202020207B0A20202020202020202020202020202020666F722028696E74206A203D20646174612E4C656E677468202D20313B206A203E20693B206A2D2D290A202020202020202020202020202020207B0A2020202020202020202020202020202020202020666F722028696E74206B203D20303B206B203C2028646174615B6A5D2E4C656E677468203E20646174615B6A202D20315D2E4C656E677468203F20646174615B6A202D20315D2E4C656E677468203A20646174615B6A5D2E4C656E677468293B206B2B2B290A20202020202020202020202020202020202020207B0A2020202020202020202020202020202020202020202020204669727374417363203D2041736328646174615B6A5D2E537562737472696E67286B2C203129293B0A2020202020202020202020202020202020202020202020205365636F6E64417363203D2041736328646174615B6A202D20315D2E537562737472696E67286B2C203129293B0A202020202020202020202020202020202020202020202020696620284669727374417363203C205365636F6E64417363290A2020202020202020202020202020202020202020202020207B0A2020202020202020202020202020202020202020202020202020202074656D70203D20646174615B6A5D3B0A20202020202020202020202020202020202020202020202020202020646174615B6A5D203D20646174615B6A202D20315D3B0A20202020202020202020202020202020202020202020202020202020646174615B6A202D20315D203D2074656D703B0A20202020202020202020202020202020202020202020202020202020627265616B3B0A2020202020202020202020202020202020202020202020207D0A202020202020202020202020202020202020202020202020656C736520696620284669727374417363203E3D205365636F6E64417363290A2020202020202020202020202020202020202020202020207B0A20202020202020202020202020202020202020202020202020202020627265616B3B0A2020202020202020202020202020202020202020202020207D0A20202020202020202020202020202020202020207D0A202020202020202020202020202020207D0A2020202020202020202020207D0A20202020202020207D0A0A20202020202020207075626C69632073746174696320696E742041736328737472696E6720636861726163746572290A20202020202020207B0A202020202020202020202020696620286368617261637465722E4C656E677468203D3D2031290A2020202020202020202020207B0A202020202020202020202020202020204153434949456E636F64696E67206173636969456E636F64696E67203D206E6577204153434949456E636F64696E6728293B0A20202020202020202020202020202020696E7420696E744173636969436F6465203D2028696E74296173636969456E636F64696E672E476574427974657328636861726163746572295B305D3B0A2020202020202020202020202020202072657475726E2028696E744173636969436F6465293B0A2020202020202020202020207D0A202020202020202020202020656C73650A2020202020202020202020207B0A202020202020202020202020202020207468726F77206E657720457863657074696F6E2822E8BE93E585A5E79A84E5AD97E7ACA6E4B8B2E4B88DE6ADA3E7A1AE22293B0A2020202020202020202020207D0A20202020202020207D0A0A20202020202020202F2F2F203C73756D6D6172793E0A20202020202020202F2F2F20E68C89E785A74153434949E7A081E68E92E5BA8F0A20202020202020202F2F2F203C2F73756D6D6172793E0A20202020202020202F2F2F203C706172616D206E616D653D22734172726179223E3C2F706172616D3E0A20202020202020202F2F2F203C72657475726E733E3C2F72657475726E733E0A0A20202020202020207075626C69632073746174696320737472696E672047657444696765737428737472696E67206A5374722C20737472696E67206170705F69645F76616C75652C20737472696E6720656E635F747970655F76616C75652C20737472696E67206D6574686F6456616C75652C20737472696E67206469676573745F747970655F76616C75652C20737472696E67207465726D5F69645F76616C75652C20737472696E672074696D657374616D56616C75652C20737472696E672076657273696F6E56616C7565290A20202020202020207B0A202020202020202020202020737472696E6720737472446967657374203D2022223B0A202020202020202020202020737472696E672073747256616C7565203D2022223B0A202020202020202020202020737472696E675B5D206172726179446967657374203D207B20226170705F6964222C202262697A5F636F6E74656E74222C2022656E635F74797065222C20226D6574686F64222C20226469676573745F74797065222C20227465726D5F6964222C202274696D657374616D70222C202276657273696F6E22207D3B0A202020202020202020202020427562626C65536F727428726566206172726179446967657374293B0A202020202020202020202020666F722028696E742069203D20303B2069203C2061727261794469676573742E4C656E6774683B20692B2B290A2020202020202020202020207B0A20202020202020202020202020202020737769746368202861727261794469676573745B695D290A202020202020202020202020202020207B0A20202020202020202020202020202020202020206361736520226170705F6964223A0A20202020202020202020202020202020202020202020202073747256616C7565203D206170705F69645F76616C75653B0A202020202020202020202020202020202020202020202020627265616B3B0A0A202020202020202020202020202020202020202063617365202262697A5F636F6E74656E74223A0A20202020202020202020202020202020202020202020202073747256616C7565203D206A5374723B0A202020202020202020202020202020202020202020202020627265616B3B0A0A2020202020202020202020202020202020202020636173652022656E635F74797065223A0A20202020202020202020202020202020202020202020202073747256616C7565203D20656E635F747970655F76616C75653B0A202020202020202020202020202020202020202020202020627265616B3B0A0A20202020202020202020202020202020202020206361736520226D6574686F64223A0A20202020202020202020202020202020202020202020202073747256616C7565203D206D6574686F6456616C75653B0A202020202020202020202020202020202020202020202020627265616B3B0A0A20202020202020202020202020202020202020206361736520226469676573745F74797065223A0A20202020202020202020202020202020202020202020202073747256616C7565203D206469676573745F747970655F76616C75653B0A202020202020202020202020202020202020202020202020627265616B3B0A0A20202020202020202020202020202020202020206361736520227465726D5F6964223A0A20202020202020202020202020202020202020202020202073747256616C7565203D207465726D5F69645F76616C75653B0A202020202020202020202020202020202020202020202020627265616B3B0A0A202020202020202020202020202020202020202063617365202274696D657374616D70223A0A20202020202020202020202020202020202020202020202073747256616C7565203D2074696D657374616D56616C75653B0A202020202020202020202020202020202020202020202020627265616B3B0A0A202020202020202020202020202020202020202063617365202276657273696F6E223A0A20202020202020202020202020202020202020202020202073747256616C7565203D2076657273696F6E56616C75653B0A202020202020202020202020202020202020202020202020627265616B3B0A202020202020202020202020202020207D0A20202020202020202020202020202020737472446967657374202B3D2028737472446967657374203D3D202222203F202222203A2022262229202B2061727261794469676573745B695D202B20223D22202B2073747256616C75653B0A2020202020202020202020207D0A20202020202020202020202072657475726E207374724469676573743B0A20202020202020207D0A0A20202020202020202F2F2F203C73756D6D6172793E0A20202020202020202F2F2F20E5AD97E585B8E8BDAC4A534F4E0A20202020202020202F2F2F203C2F73756D6D6172793E0A20202020202020202F2F2F203C706172616D206E616D653D22646963223E3C2F706172616D3E0A20202020202020202F2F2F203C72657475726E733E3C2F72657475726E733E0A20202020202020207075626C69632073746174696320737472696E672044696374696F6E617279546F4A736F6E2844696374696F6E6172793C737472696E672C20737472696E673E20646963290A20202020202020207B0A2020202020202020202020202F2FE5AE9EE4BE8BE58C964A61766153637269707453657269616C697A6572E7B1BBE79A84E696B0E5AE9EE4BE8B0A2020202020202020202020204A61766153637269707453657269616C697A6572206A7373203D206E6577204A61766153637269707453657269616C697A657228293B0A2020202020202020202020207472790A2020202020202020202020207B0A202020202020202020202020202020202F2FE5B086E68C87E5AE9AE79A84204A534F4E20E5AD97E7ACA6E4B8B2E8BDACE68DA2E4B8BA2044696374696F6E6172793C737472696E672C20737472696E673E20E7B1BBE59E8BE79A84E5AFB9E8B1A10A2020202020202020202020202020202072657475726E206A73732E53657269616C697A6528646963293B0A2020202020202020202020207D0A20202020202020202020202063617463682028457863657074696F6E206578290A2020202020202020202020207B0A202020202020202020202020202020207468726F77206E657720457863657074696F6E2865782E4D657373616765293B0A2020202020202020202020207D0A20202020202020207D0A0A20202020202020202F2F2F203C73756D6D6172793E0A20202020202020202F2F2F206A736F6EE5AD97E7ACA6E4B8B2E8BDACE5AFB9E8B1A10A20202020202020202F2F2F203C2F73756D6D6172793E0A20202020202020202F2F2F203C706172616D206E616D653D22646963223E3C2F706172616D3E0A20202020202020202F2F2F203C72657475726E733E3C2F72657475726E733E0A20202020202020207075626C69632073746174696320542046726F6D4A534F4E3C543E28737472696E67206A736F6E537472696E67290A20202020202020207B0A2020202020202020202020204A61766153637269707453657269616C697A6572206A736F6E203D206E6577204A61766153637269707453657269616C697A657228293B0A20202020202020202020202072657475726E206A736F6E2E446573657269616C697A653C543E286A736F6E537472696E67293B0A20202020202020207D0A202020207D0A7D, '0');
INSERT INTO `file_template` VALUES ('29', '1', 'Lym', 'Common', '4', '类文件(.cs)', '1', '26', 'MS', 'MSHelper.cs', '\0', 0x7573696E672053797374656D3B0A0A6E616D6573706163652040284D6F64656C2E50726F6A6563744E616D65292E436F6D6D6F6E2E4D530A7B0A202020202F2FE5A496E983A8E8B083E794A8E58AA0E8A7A3E5AF86E7B1BB0A202020207075626C696320636C617373204D5348656C7065720A202020207B0A20202020202020202F2F2F203C73756D6D6172793EE88EB7E58F96E7A798E992A50A20202020202020202F2F2F20E88EB7E58F96E7A798E992A50A20202020202020202F2F2F203C2F73756D6D6172793E0A20202020202020202F2F2F203C706172616D206E616D653D224170704944223E417070E8B4A6E58FB73C2F706172616D3E0A20202020202020202F2F2F203C706172616D206E616D653D2254696D657374616D70223EE697B6E997B4E688B33C2F706172616D3E0A20202020202020202F2F2F203C72657475726E733E3C2F72657475726E733E0A20202020202020207075626C69632073746174696320737472696E67204765744B657928737472696E672041707049442C20737472696E672054696D657374616D70290A20202020202020207B0A202020202020202020202020737472696E67207374724B6579203D20534D334469676573742E476574536D33537472284170704944202B2054696D657374616D70293B0A20202020202020202020202072657475726E207374724B65793B0A20202020202020207D0A0A20202020202020202F2F2F203C73756D6D6172793EE58AA0E5AF860A20202020202020202F2F2F20E58AA0E5AF860A20202020202020202F2F2F203C2F73756D6D6172793E0A20202020202020202F2F2F203C706172616D206E616D653D22737472223EE58AA0E5AF86E5AD97E7ACA6E4B8B23C2F706172616D3E0A20202020202020202F2F2F203C706172616D206E616D653D22617070536563726574223EE7A798E992A53C2F706172616D3E0A20202020202020202F2F2F203C72657475726E733E3C2F72657475726E733E0A20202020202020207075626C69632073746174696320737472696E672047657444696765737428737472696E67207374722C20737472696E6720617070536563726574290A20202020202020207B0A2020202020202020202020207472790A2020202020202020202020207B20202F2F62697A5F636F6E74656E74534D345F454342E6A8A1E5BC8FE58AA0E5AF860A20202020202020202020202020202020766172206E65775F42697A5F636F6E74656E74203D20534D345574696C732E476574536D34537472287374722C20617070536563726574293B0A2020202020202020202020202020202072657475726E206E65775F42697A5F636F6E74656E743B0A2020202020202020202020207D0A20202020202020202020202063617463682028457863657074696F6E206578290A2020202020202020202020207B0A202020202020202020202020202020207468726F772065783B0A2020202020202020202020207D0A20202020202020207D0A0A20202020202020202F2F2F203C73756D6D6172793EE8A7A3E5AF860A20202020202020202F2F2F20E8A7A3E5AF860A20202020202020202F2F2F203C2F73756D6D6172793E0A20202020202020202F2F2F203C706172616D206E616D653D22737472223EE8A7A3E5AF86E5AD97E7ACA6E4B8B23C2F706172616D3E0A20202020202020202F2F2F203C706172616D206E616D653D22617070536563726574223EE8A7A3E5AF86E7A798E992A53C2F706172616D3E0A20202020202020202F2F2F203C72657475726E733E3C2F72657475726E733E0A20202020202020207075626C69632073746174696320737472696E672044656372707428737472696E67207374722C20737472696E6720617070536563726574290A20202020202020207B0A2020202020202020202020207472790A2020202020202020202020207B0A202020202020202020202020202020202F2F534D34E8A7A3E5AF860A2020202020202020202020202020202076617220726573756C74203D20534D345574696C732E476574536D34446563727074287374722C20617070536563726574293B0A2020202020202020202020202020202072657475726E20726573756C743B0A2020202020202020202020207D0A20202020202020202020202063617463682028457863657074696F6E206578290A2020202020202020202020207B0A202020202020202020202020202020207468726F772065783B0A2020202020202020202020207D0A20202020202020207D0A0A20202020202020202F2F2F203C73756D6D6172793EE58AA0E5AF860A20202020202020202F2F2F20E58AA0E5AF860A20202020202020202F2F2F203C2F73756D6D6172793E0A20202020202020202F2F2F203C706172616D206E616D653D22737472223EE58AA0E5AF86E5AD97E7ACA6E4B8B23C2F706172616D3E0A20202020202020202F2F2F203C706172616D206E616D653D224170704944223E41707049443C2F706172616D3E0A20202020202020202F2F2F203C706172616D206E616D653D2254696D657374616D70223EE697B6E997B4E688B33C2F706172616D3E0A20202020202020202F2F2F203C72657475726E733E3C2F72657475726E733E0A20202020202020207075626C69632073746174696320737472696E672047657444696765737428737472696E67207374722C20737472696E672041707049442C20737472696E672054696D657374616D70290A20202020202020207B0A2020202020202020202020207472790A2020202020202020202020207B0A202020202020202020202020202020202F2FE88EB7E58F96E7A798E992A50A20202020202020202020202020202020737472696E67204B6579203D204765744B65792841707049442C2054696D657374616D70293B0A202020202020202020202020202020202F2F62697A5F636F6E74656E74534D345F454342E6A8A1E5BC8FE58AA0E5AF860A20202020202020202020202020202020766172206E65775F42697A5F636F6E74656E74203D20534D345574696C732E476574536D34537472287374722C204B6579293B0A2020202020202020202020202020202072657475726E206E65775F42697A5F636F6E74656E743B0A2020202020202020202020207D0A20202020202020202020202063617463682028457863657074696F6E206578290A2020202020202020202020207B0A202020202020202020202020202020207468726F77206E657720457863657074696F6E2822E58AA0E5AF86E5BC82E5B8B8EFBC9A22202B2065782E4D657373616765293B0A2020202020202020202020207D0A20202020202020207D0A0A20202020202020202F2F2F203C73756D6D6172793EE8A7A3E5AF860A20202020202020202F2F2F20E8A7A3E5AF860A20202020202020202F2F2F203C2F73756D6D6172793E0A20202020202020202F2F2F203C706172616D206E616D653D22737472223EE8A7A3E5AF86E5AD97E7ACA6E4B8B23C2F706172616D3E0A20202020202020202F2F2F203C706172616D206E616D653D224170704944223E41707049443C2F706172616D3E0A20202020202020202F2F2F203C706172616D206E616D653D2254696D657374616D70223EE697B6E997B4E688B33C2F706172616D3E0A20202020202020202F2F2F203C72657475726E733E3C2F72657475726E733E0A20202020202020207075626C69632073746174696320737472696E672044656372707428737472696E67207374722C20737472696E672041707049442C20737472696E672054696D657374616D70290A20202020202020207B0A2020202020202020202020207472790A2020202020202020202020207B0A202020202020202020202020202020202F2FE88EB7E58F96E7A798E992A50A20202020202020202020202020202020737472696E67204B6579203D204765744B65792841707049442C2054696D657374616D70293B0A20202020202020202020202020202020737472696E6720737472446563727074203D20446563727074287374722C204B6579293B0A2020202020202020202020202020202072657475726E207374724465637270743B0A2020202020202020202020207D0A20202020202020202020202063617463682028457863657074696F6E206578290A2020202020202020202020207B0A202020202020202020202020202020207468726F77206E657720457863657074696F6E2822E8A7A3E5AF86E5BC82E5B8B8EFBC9A22202B2065782E4D657373616765293B0A2020202020202020202020207D0A20202020202020207D0A202020207D0A7D, '0');
INSERT INTO `file_template` VALUES ('30', '1', 'Lym', 'Common', '4', '类文件(.cs)', '1', '26', 'MS', 'SM2.cs', '\0', 0x7573696E67204F72672E426F756E6379436173746C652E43727970746F2E47656E657261746F72733B0A7573696E67204F72672E426F756E6379436173746C652E43727970746F2E506172616D65746572733B0A7573696E67204F72672E426F756E6379436173746C652E4D6174683B0A7573696E67204F72672E426F756E6379436173746C652E4D6174682E45433B0A7573696E67204F72672E426F756E6379436173746C652E53656375726974793B0A0A6E616D6573706163652040284D6F64656C2E50726F6A6563744E616D65292E436F6D6D6F6E2E4D530A7B0A202020207075626C696320636C61737320534D320A202020207B0A20202020202020207075626C69632073746174696320534D3220496E7374616E63650A20202020202020207B0A2020202020202020202020206765740A2020202020202020202020207B0A2020202020202020202020202020202072657475726E206E657720534D3228293B0A2020202020202020202020207D0A20202020202020207D0A0A20202020202020207075626C69632073746174696320534D3220496E7374616E6365546573740A20202020202020207B0A2020202020202020202020206765740A2020202020202020202020207B0A2020202020202020202020202020202072657475726E206E657720534D3228293B0A2020202020202020202020207D0A20202020202020207D0A0A20202020202020207075626C69632073746174696320726561646F6E6C7920737472696E675B5D20736D325F706172616D203D207B0A2020202020202020202020202246464646464646454646464646464646464646464646464646464646464646464646464646464646303030303030303046464646464646464646464646464646222C2F2F20702C300A0909092246464646464646454646464646464646464646464646464646464646464646464646464646464646303030303030303046464646464646464646464646464643222C2F2F20612C310A0909092232384539464139453944394635453334344435413945344243463635303941374633393738394635313541423846393244444243424434313444393430453933222C2F2F20622C320A0909092246464646464646454646464646464646464646464646464646464646464646463732303344463642323143363035324235334242463430393339443534313233222C2F2F206E2C330A0909092233324334414532433146313938313139354639393034343636413339433939343846453330424246463236363042453137313541343538393333344337344337222C2F2F2067782C340A090909224243333733364132463446363737394335394244434545333642363932313533443041393837374343363241343734303032444633324535323133394630413022202F2F2067792C350A09202020207D3B0A0A20202020202020207075626C696320737472696E675B5D206563635F706172616D203D20736D325F706172616D3B0A0A20202020202020207075626C696320726561646F6E6C7920426967496E7465676572206563635F703B0A20202020202020207075626C696320726561646F6E6C7920426967496E7465676572206563635F613B0A20202020202020207075626C696320726561646F6E6C7920426967496E7465676572206563635F623B0A20202020202020207075626C696320726561646F6E6C7920426967496E7465676572206563635F6E3B0A20202020202020207075626C696320726561646F6E6C7920426967496E7465676572206563635F67783B0A20202020202020207075626C696320726561646F6E6C7920426967496E7465676572206563635F67793B0A0A20202020202020207075626C696320726561646F6E6C792045434375727665206563635F63757276653B0A20202020202020207075626C696320726561646F6E6C79204543506F696E74206563635F706F696E745F673B0A0A20202020202020207075626C696320726561646F6E6C79204543446F6D61696E506172616D6574657273206563635F62635F737065633B0A0A20202020202020207075626C696320726561646F6E6C792045434B65795061697247656E657261746F72206563635F6B65795F706169725F67656E657261746F723B0A0A20202020202020207072697661746520534D3228290A20202020202020207B0A2020202020202020202020206563635F706172616D203D20736D325F706172616D3B0A0A20202020202020202020202045434669656C64456C656D656E74206563635F67785F6669656C64656C656D656E743B0A20202020202020202020202045434669656C64456C656D656E74206563635F67795F6669656C64656C656D656E743B0A0A2020202020202020202020206563635F70203D206E657720426967496E7465676572286563635F706172616D5B305D2C203136293B0A2020202020202020202020206563635F61203D206E657720426967496E7465676572286563635F706172616D5B315D2C203136293B0A2020202020202020202020206563635F62203D206E657720426967496E7465676572286563635F706172616D5B325D2C203136293B0A2020202020202020202020206563635F6E203D206E657720426967496E7465676572286563635F706172616D5B335D2C203136293B0A2020202020202020202020206563635F6778203D206E657720426967496E7465676572286563635F706172616D5B345D2C203136293B0A2020202020202020202020206563635F6779203D206E657720426967496E7465676572286563635F706172616D5B355D2C203136293B0A0A2020202020202020202020206563635F67785F6669656C64656C656D656E74203D206E65772046704669656C64456C656D656E74286563635F702C206563635F6778293B0A2020202020202020202020206563635F67795F6669656C64656C656D656E74203D206E65772046704669656C64456C656D656E74286563635F702C206563635F6779293B0A0A2020202020202020202020206563635F6375727665203D206E65772046704375727665286563635F702C206563635F612C206563635F62293B0A2020202020202020202020206563635F706F696E745F67203D206E6577204670506F696E74286563635F63757276652C206563635F67785F6669656C64656C656D656E742C206563635F67795F6669656C64656C656D656E74293B0A0A2020202020202020202020206563635F62635F73706563203D206E6577204543446F6D61696E506172616D6574657273286563635F63757276652C206563635F706F696E745F672C206563635F6E293B0A0A20202020202020202020202045434B657947656E65726174696F6E506172616D6574657273206563635F656367656E706172616D3B0A2020202020202020202020206563635F656367656E706172616D203D206E65772045434B657947656E65726174696F6E506172616D6574657273286563635F62635F737065632C206E65772053656375726552616E646F6D2829293B0A0A2020202020202020202020206563635F6B65795F706169725F67656E657261746F72203D206E65772045434B65795061697247656E657261746F7228293B0A2020202020202020202020206563635F6B65795F706169725F67656E657261746F722E496E6974286563635F656367656E706172616D293B0A20202020202020207D0A0A20202020202020207075626C6963207669727475616C20627974655B5D20536D324765745A28627974655B5D207573657249642C204543506F696E7420757365724B6579290A20202020202020207B0A202020202020202020202020534D3344696765737420736D33203D206E657720534D3344696765737428293B0A202020202020202020202020627974655B5D20703B0A2020202020202020202020202F2F20757365724964206C656E6774680A202020202020202020202020696E74206C656E203D207573657249642E4C656E677468202A20383B0A202020202020202020202020736D332E55706461746528286279746529286C656E203E3E203820262030783030666629293B0A202020202020202020202020736D332E55706461746528286279746529286C656E20262030783030666629293B0A0A2020202020202020202020202F2F207573657249640A202020202020202020202020736D332E426C6F636B557064617465287573657249642C20302C207573657249642E4C656E677468293B0A0A2020202020202020202020202F2F20612C620A20202020202020202020202070203D206563635F612E546F42797465417272617928293B0A202020202020202020202020736D332E426C6F636B55706461746528702C20302C20702E4C656E677468293B0A20202020202020202020202070203D206563635F622E546F42797465417272617928293B0A202020202020202020202020736D332E426C6F636B55706461746528702C20302C20702E4C656E677468293B0A2020202020202020202020202F2F2067782C67790A20202020202020202020202070203D206563635F67782E546F42797465417272617928293B0A202020202020202020202020736D332E426C6F636B55706461746528702C20302C20702E4C656E677468293B0A20202020202020202020202070203D206563635F67792E546F42797465417272617928293B0A202020202020202020202020736D332E426C6F636B55706461746528702C20302C20702E4C656E677468293B0A0A2020202020202020202020202F2F20782C790A20202020202020202020202070203D20757365724B65792E582E546F426967496E746567657228292E546F42797465417272617928293B0A202020202020202020202020736D332E426C6F636B55706461746528702C20302C20702E4C656E677468293B0A20202020202020202020202070203D20757365724B65792E592E546F426967496E746567657228292E546F42797465417272617928293B0A202020202020202020202020736D332E426C6F636B55706461746528702C20302C20702E4C656E677468293B0A0A2020202020202020202020202F2F205A0A202020202020202020202020627974655B5D206D64203D206E657720627974655B736D332E47657444696765737453697A6528295D3B0A202020202020202020202020736D332E446F46696E616C286D642C2030293B0A0A20202020202020202020202072657475726E206D643B0A20202020202020207D0A202020207D0A7D, '0');
INSERT INTO `file_template` VALUES ('31', '1', 'Lym', 'Common', '4', '类文件(.cs)', '1', '26', 'MS', 'SM2Utils.cs', '\0', 0x7573696E67204F72672E426F756E6379436173746C652E43727970746F3B0A7573696E67204F72672E426F756E6379436173746C652E43727970746F2E506172616D65746572733B0A7573696E67204F72672E426F756E6379436173746C652E4D6174683B0A7573696E67204F72672E426F756E6379436173746C652E4D6174682E45433B0A7573696E67204F72672E426F756E6379436173746C652E5574696C69746965732E456E636F646572733B0A7573696E672053797374656D3B0A7573696E672053797374656D2E546578743B0A0A6E616D6573706163652040284D6F64656C2E50726F6A6563744E616D65292E436F6D6D6F6E2E4D530A7B0A20202020696E7465726E616C20636C61737320534D325574696C730A202020207B0A20202020202020207075626C69632073746174696320766F69642047656E65726174654B65795061697228290A20202020202020207B0A202020202020202020202020534D3220736D32203D20534D322E496E7374616E63653B0A2020202020202020202020204173796D6D65747269634369706865724B657950616972206B6579203D20736D322E6563635F6B65795F706169725F67656E657261746F722E47656E65726174654B65795061697228293B0A2020202020202020202020204543507269766174654B6579506172616D657465727320656370726976203D20284543507269766174654B6579506172616D6574657273296B65792E507269766174653B0A20202020202020202020202045435075626C69634B6579506172616D6574657273206563707562203D202845435075626C69634B6579506172616D6574657273296B65792E5075626C69633B0A202020202020202020202020426967496E746567657220707269766174654B6579203D206563707269762E443B0A2020202020202020202020204543506F696E74207075626C69634B6579203D2065637075622E513B0A0A20202020202020202020202053797374656D2E436F6E736F6C652E4F75742E57726974654C696E652822E585ACE992A53A2022202B20456E636F64696E672E44656661756C742E476574537472696E67284865782E456E636F6465287075626C69634B65792E476574456E636F646564282929292E546F55707065722829293B0A20202020202020202020202053797374656D2E436F6E736F6C652E4F75742E57726974654C696E652822E7A781E992A53A2022202B20456E636F64696E672E44656661756C742E476574537472696E67284865782E456E636F646528707269766174654B65792E546F427974654172726179282929292E546F55707065722829293B0A20202020202020207D0A0A20202020202020207075626C69632073746174696320537472696E6720456E637279707428627974655B5D207075626C69634B65792C20627974655B5D2064617461290A20202020202020207B0A202020202020202020202020696620286E756C6C203D3D207075626C69634B6579207C7C207075626C69634B65792E4C656E677468203D3D2030290A2020202020202020202020207B0A2020202020202020202020202020202072657475726E206E756C6C3B0A2020202020202020202020207D0A2020202020202020202020206966202864617461203D3D206E756C6C207C7C20646174612E4C656E677468203D3D2030290A2020202020202020202020207B0A2020202020202020202020202020202072657475726E206E756C6C3B0A2020202020202020202020207D0A0A202020202020202020202020627974655B5D20736F75726365203D206E657720627974655B646174612E4C656E6774685D3B0A20202020202020202020202041727261792E436F707928646174612C20302C20736F757263652C20302C20646174612E4C656E677468293B0A0A20202020202020202020202043697068657220636970686572203D206E65772043697068657228293B0A202020202020202020202020534D3220736D32203D20534D322E496E7374616E63653B0A0A2020202020202020202020204543506F696E7420757365724B6579203D20736D322E6563635F63757276652E4465636F6465506F696E74287075626C69634B6579293B0A0A2020202020202020202020204543506F696E74206331203D206369706865722E496E69745F656E6328736D322C20757365724B6579293B0A2020202020202020202020206369706865722E456E637279707428736F75726365293B0A0A202020202020202020202020627974655B5D206333203D206E657720627974655B33325D3B0A2020202020202020202020206369706865722E446F66696E616C286333293B0A0A202020202020202020202020537472696E6720736331203D20456E636F64696E672E44656661756C742E476574537472696E67284865782E456E636F64652863312E476574456E636F646564282929293B0A202020202020202020202020537472696E6720736332203D20456E636F64696E672E44656661756C742E476574537472696E67284865782E456E636F646528736F7572636529293B0A202020202020202020202020537472696E6720736333203D20456E636F64696E672E44656661756C742E476574537472696E67284865782E456E636F646528633329293B0A0A20202020202020202020202072657475726E2028736331202B20736332202B20736333292E546F557070657228293B0A20202020202020207D0A0A20202020202020207075626C69632073746174696320627974655B5D204465637279707428627974655B5D20707269766174654B65792C20627974655B5D20656E6372797074656444617461290A20202020202020207B0A202020202020202020202020696620286E756C6C203D3D20707269766174654B6579207C7C20707269766174654B65792E4C656E677468203D3D2030290A2020202020202020202020207B0A2020202020202020202020202020202072657475726E206E756C6C3B0A2020202020202020202020207D0A20202020202020202020202069662028656E6372797074656444617461203D3D206E756C6C207C7C20656E63727970746564446174612E4C656E677468203D3D2030290A2020202020202020202020207B0A2020202020202020202020202020202072657475726E206E756C6C3B0A2020202020202020202020207D0A0A202020202020202020202020537472696E672064617461203D20456E636F64696E672E44656661756C742E476574537472696E67284865782E456E636F646528656E637279707465644461746129293B0A0A202020202020202020202020627974655B5D2063314279746573203D204865782E4465636F646528456E636F64696E672E44656661756C742E476574427974657328646174612E537562737472696E6728302C203133302929293B0A202020202020202020202020696E742063324C656E203D20656E63727970746564446174612E4C656E677468202D2039373B0A202020202020202020202020627974655B5D206332203D204865782E4465636F646528456E636F64696E672E44656661756C742E476574427974657328646174612E537562737472696E67283133302C2032202A2063324C656E2929293B0A202020202020202020202020627974655B5D206333203D204865782E4465636F646528456E636F64696E672E44656661756C742E476574427974657328646174612E537562737472696E6728313330202B2032202A2063324C656E2C2036342929293B0A0A202020202020202020202020534D3220736D32203D20534D322E496E7374616E63653B0A202020202020202020202020426967496E7465676572207573657244203D206E657720426967496E746567657228312C20707269766174654B6579293B0A0A2020202020202020202020204543506F696E74206331203D20736D322E6563635F63757276652E4465636F6465506F696E742863314279746573293B0A20202020202020202020202043697068657220636970686572203D206E65772043697068657228293B0A2020202020202020202020206369706865722E496E69745F6465632875736572442C206331293B0A2020202020202020202020206369706865722E44656372797074286332293B0A2020202020202020202020206369706865722E446F66696E616C286333293B0A0A20202020202020202020202072657475726E2063323B0A20202020202020207D0A202020207D0A7D, '0');
INSERT INTO `file_template` VALUES ('32', '1', 'Lym', 'Common', '4', '类文件(.cs)', '1', '26', 'MS', 'GeneralDigest.cs', '\0', 0x7573696E67204F72672E426F756E6379436173746C652E43727970746F3B0A7573696E67204F72672E426F756E6379436173746C652E5574696C69746965732E456E636F646572733B0A7573696E672053797374656D3B0A7573696E672053797374656D2E546578743B0A0A6E616D6573706163652040284D6F64656C2E50726F6A6563744E616D65292E436F6D6D6F6E2E4D530A7B0A202020207075626C696320616273747261637420636C6173732047656E6572616C446967657374203A20494469676573740A202020207B0A20202020202020207072697661746520636F6E737420696E7420425954455F4C454E475448203D2036343B0A0A20202020202020207072697661746520627974655B5D20784275663B0A20202020202020207072697661746520696E7420784275664F66663B0A0A202020202020202070726976617465206C6F6E672062797465436F756E743B0A0A2020202020202020696E7465726E616C2047656E6572616C44696765737428290A20202020202020207B0A20202020202020202020202078427566203D206E657720627974655B345D3B0A20202020202020207D0A0A2020202020202020696E7465726E616C2047656E6572616C4469676573742847656E6572616C4469676573742074290A20202020202020207B0A20202020202020202020202078427566203D206E657720627974655B742E784275662E4C656E6774685D3B0A20202020202020202020202041727261792E436F707928742E784275662C20302C20784275662C20302C20742E784275662E4C656E677468293B0A0A202020202020202020202020784275664F6666203D20742E784275664F66663B0A20202020202020202020202062797465436F756E74203D20742E62797465436F756E743B0A20202020202020207D0A0A20202020202020207075626C696320766F696420557064617465286279746520696E707574290A20202020202020207B0A202020202020202020202020784275665B784275664F66662B2B5D203D20696E7075743B0A0A20202020202020202020202069662028784275664F6666203D3D20784275662E4C656E677468290A2020202020202020202020207B0A2020202020202020202020202020202050726F63657373576F726428784275662C2030293B0A20202020202020202020202020202020784275664F6666203D20303B0A2020202020202020202020207D0A0A20202020202020202020202062797465436F756E742B2B3B0A20202020202020207D0A0A20202020202020207075626C696320766F696420426C6F636B557064617465280A202020202020202020202020627974655B5D20696E7075742C0A202020202020202020202020696E7420696E4F66662C0A202020202020202020202020696E74206C656E677468290A20202020202020207B0A2020202020202020202020202F2F0A2020202020202020202020202F2F2066696C6C207468652063757272656E7420776F72640A2020202020202020202020202F2F0A2020202020202020202020207768696C65202828784275664F666620213D20302920262620286C656E677468203E203029290A2020202020202020202020207B0A2020202020202020202020202020202055706461746528696E7075745B696E4F66665D293B0A20202020202020202020202020202020696E4F66662B2B3B0A202020202020202020202020202020206C656E6774682D2D3B0A2020202020202020202020207D0A0A2020202020202020202020202F2F0A2020202020202020202020202F2F2070726F636573732077686F6C6520776F7264732E0A2020202020202020202020202F2F0A2020202020202020202020207768696C6520286C656E677468203E20784275662E4C656E677468290A2020202020202020202020207B0A2020202020202020202020202020202050726F63657373576F726428696E7075742C20696E4F6666293B0A0A20202020202020202020202020202020696E4F6666202B3D20784275662E4C656E6774683B0A202020202020202020202020202020206C656E677468202D3D20784275662E4C656E6774683B0A2020202020202020202020202020202062797465436F756E74202B3D20784275662E4C656E6774683B0A2020202020202020202020207D0A0A2020202020202020202020202F2F0A2020202020202020202020202F2F206C6F616420696E207468652072656D61696E6465722E0A2020202020202020202020202F2F0A2020202020202020202020207768696C6520286C656E677468203E2030290A2020202020202020202020207B0A2020202020202020202020202020202055706461746528696E7075745B696E4F66665D293B0A0A20202020202020202020202020202020696E4F66662B2B3B0A202020202020202020202020202020206C656E6774682D2D3B0A2020202020202020202020207D0A20202020202020207D0A0A20202020202020207075626C696320766F69642046696E69736828290A20202020202020207B0A2020202020202020202020206C6F6E67206269744C656E677468203D202862797465436F756E74203C3C2033293B0A0A2020202020202020202020202F2F0A2020202020202020202020202F2F2061646420746865207061642062797465732E0A2020202020202020202020202F2F0A20202020202020202020202055706461746528756E636865636B65642828627974652931323829293B0A0A2020202020202020202020207768696C652028784275664F666620213D2030292055706461746528756E636865636B6564282862797465293029293B0A20202020202020202020202050726F636573734C656E677468286269744C656E677468293B0A20202020202020202020202050726F63657373426C6F636B28293B0A20202020202020207D0A0A20202020202020207075626C6963207669727475616C20766F696420526573657428290A20202020202020207B0A20202020202020202020202062797465436F756E74203D20303B0A202020202020202020202020784275664F6666203D20303B0A20202020202020202020202041727261792E436C65617228784275662C20302C20784275662E4C656E677468293B0A20202020202020207D0A0A20202020202020207075626C696320696E7420476574427974654C656E67746828290A20202020202020207B0A20202020202020202020202072657475726E20425954455F4C454E4754483B0A20202020202020207D0A0A2020202020202020696E7465726E616C20616273747261637420766F69642050726F63657373576F726428627974655B5D20696E7075742C20696E7420696E4F6666293B0A0A2020202020202020696E7465726E616C20616273747261637420766F69642050726F636573734C656E677468286C6F6E67206269744C656E677468293B0A0A2020202020202020696E7465726E616C20616273747261637420766F69642050726F63657373426C6F636B28293B0A0A20202020202020207075626C696320616273747261637420737472696E6720416C676F726974686D4E616D65207B206765743B207D0A0A20202020202020207075626C696320616273747261637420696E742047657444696765737453697A6528293B0A0A20202020202020207075626C696320616273747261637420696E7420446F46696E616C28627974655B5D206F75747075742C20696E74206F75744F6666293B0A202020207D0A0A202020207075626C696320636C61737320537570706F7274436C6173730A202020207B0A20202020202020202F2F2F203C73756D6D6172793E0A20202020202020202F2F2F20506572666F726D7320616E20756E7369676E6564206269747769736520726967687420736869667420776974682074686520737065636966696564206E756D6265720A20202020202020202F2F2F203C2F73756D6D6172793E0A20202020202020202F2F2F203C706172616D206E616D653D226E756D626572223E4E756D62657220746F206F706572617465206F6E3C2F706172616D3E0A20202020202020202F2F2F203C706172616D206E616D653D2262697473223E416D6D6F756E74206F66206269747320746F2073686966743C2F706172616D3E0A20202020202020202F2F2F203C72657475726E733E54686520726573756C74696E67206E756D6265722066726F6D20746865207368696674206F7065726174696F6E3C2F72657475726E733E0A20202020202020207075626C69632073746174696320696E74205552536869667428696E74206E756D6265722C20696E742062697473290A20202020202020207B0A202020202020202020202020696620286E756D626572203E3D2030290A2020202020202020202020202020202072657475726E206E756D626572203E3E20626974733B0A202020202020202020202020656C73650A2020202020202020202020202020202072657475726E20286E756D626572203E3E206269747329202B202832203C3C207E62697473293B0A20202020202020207D0A0A20202020202020202F2F2F203C73756D6D6172793E0A20202020202020202F2F2F20506572666F726D7320616E20756E7369676E6564206269747769736520726967687420736869667420776974682074686520737065636966696564206E756D6265720A20202020202020202F2F2F203C2F73756D6D6172793E0A20202020202020202F2F2F203C706172616D206E616D653D226E756D626572223E4E756D62657220746F206F706572617465206F6E3C2F706172616D3E0A20202020202020202F2F2F203C706172616D206E616D653D2262697473223E416D6D6F756E74206F66206269747320746F2073686966743C2F706172616D3E0A20202020202020202F2F2F203C72657475726E733E54686520726573756C74696E67206E756D6265722066726F6D20746865207368696674206F7065726174696F6E3C2F72657475726E733E0A20202020202020207075626C69632073746174696320696E74205552536869667428696E74206E756D6265722C206C6F6E672062697473290A20202020202020207B0A20202020202020202020202072657475726E2055525368696674286E756D6265722C2028696E742962697473293B0A20202020202020207D0A0A20202020202020202F2F2F203C73756D6D6172793E0A20202020202020202F2F2F20506572666F726D7320616E20756E7369676E6564206269747769736520726967687420736869667420776974682074686520737065636966696564206E756D6265720A20202020202020202F2F2F203C2F73756D6D6172793E0A20202020202020202F2F2F203C706172616D206E616D653D226E756D626572223E4E756D62657220746F206F706572617465206F6E3C2F706172616D3E0A20202020202020202F2F2F203C706172616D206E616D653D2262697473223E416D6D6F756E74206F66206269747320746F2073686966743C2F706172616D3E0A20202020202020202F2F2F203C72657475726E733E54686520726573756C74696E67206E756D6265722066726F6D20746865207368696674206F7065726174696F6E3C2F72657475726E733E0A20202020202020207075626C696320737461746963206C6F6E672055525368696674286C6F6E67206E756D6265722C20696E742062697473290A20202020202020207B0A202020202020202020202020696620286E756D626572203E3D2030290A2020202020202020202020202020202072657475726E206E756D626572203E3E20626974733B0A202020202020202020202020656C73650A2020202020202020202020202020202072657475726E20286E756D626572203E3E206269747329202B2028324C203C3C207E62697473293B0A20202020202020207D0A0A20202020202020202F2F2F203C73756D6D6172793E0A20202020202020202F2F2F20506572666F726D7320616E20756E7369676E6564206269747769736520726967687420736869667420776974682074686520737065636966696564206E756D6265720A20202020202020202F2F2F203C2F73756D6D6172793E0A20202020202020202F2F2F203C706172616D206E616D653D226E756D626572223E4E756D62657220746F206F706572617465206F6E3C2F706172616D3E0A20202020202020202F2F2F203C706172616D206E616D653D2262697473223E416D6D6F756E74206F66206269747320746F2073686966743C2F706172616D3E0A20202020202020202F2F2F203C72657475726E733E54686520726573756C74696E67206E756D6265722066726F6D20746865207368696674206F7065726174696F6E3C2F72657475726E733E0A20202020202020207075626C696320737461746963206C6F6E672055525368696674286C6F6E67206E756D6265722C206C6F6E672062697473290A20202020202020207B0A20202020202020202020202072657475726E2055525368696674286E756D6265722C2028696E742962697473293B0A20202020202020207D0A202020207D0A0A202020207075626C696320636C61737320534D33446967657374203A2047656E6572616C4469676573740A202020207B0A20202020202020207075626C6963206F7665727269646520737472696E6720416C676F726974686D4E616D650A20202020202020207B0A2020202020202020202020206765740A2020202020202020202020207B0A2020202020202020202020202020202072657475726E2022534D33223B0A2020202020202020202020207D0A20202020202020207D0A0A20202020202020207075626C6963206F7665727269646520696E742047657444696765737453697A6528290A20202020202020207B0A20202020202020202020202072657475726E204449474553545F4C454E4754483B0A20202020202020207D0A0A20202020202020207072697661746520636F6E737420696E74204449474553545F4C454E475448203D2033323B0A0A2020202020202020707269766174652073746174696320726561646F6E6C7920696E745B5D207630203D206E657720696E745B5D207B20307837333830313636662C20307834393134623262392C20307831373234343264372C20756E636865636B65642828696E742930786461386130363030292C20756E636865636B65642828696E742930786139366633306263292C20307831363331333861612C20756E636865636B65642828696E742930786533386465653464292C20756E636865636B65642828696E74293078623066623065346529207D3B0A0A20202020202020207072697661746520696E745B5D2076203D206E657720696E745B385D3B0A20202020202020207072697661746520696E745B5D20765F203D206E657720696E745B385D3B0A0A2020202020202020707269766174652073746174696320726561646F6E6C7920696E745B5D205830203D206E657720696E745B5D207B20302C20302C20302C20302C20302C20302C20302C20302C20302C20302C20302C20302C20302C20302C20302C2030207D3B0A0A20202020202020207072697661746520696E745B5D2058203D206E657720696E745B36385D3B0A20202020202020207072697661746520696E7420784F66663B0A0A20202020202020207072697661746520696E7420545F30305F3135203D20307837396363343531393B0A20202020202020207072697661746520696E7420545F31365F3633203D20307837613837396438613B0A0A20202020202020207075626C696320534D3344696765737428290A20202020202020207B0A202020202020202020202020526573657428293B0A20202020202020207D0A0A20202020202020207075626C696320534D3344696765737428534D334469676573742074290A2020202020202020202020203A20626173652874290A20202020202020207B0A20202020202020202020202041727261792E436F707928742E582C20302C20582C20302C20742E582E4C656E677468293B0A202020202020202020202020784F6666203D20742E784F66663B0A0A20202020202020202020202041727261792E436F707928742E762C20302C20762C20302C20742E762E4C656E677468293B0A20202020202020207D0A0A20202020202020207075626C6963206F7665727269646520766F696420526573657428290A20202020202020207B0A202020202020202020202020626173652E526573657428293B0A0A20202020202020202020202041727261792E436F70792876302C20302C20762C20302C2076302E4C656E677468293B0A0A202020202020202020202020784F6666203D20303B0A20202020202020202020202041727261792E436F70792858302C20302C20582C20302C2058302E4C656E677468293B0A20202020202020207D0A0A2020202020202020696E7465726E616C206F7665727269646520766F69642050726F63657373426C6F636B28290A20202020202020207B0A202020202020202020202020696E7420693B0A0A202020202020202020202020696E745B5D207777203D20583B0A202020202020202020202020696E745B5D2077775F203D206E657720696E745B36345D3B0A0A202020202020202020202020666F72202869203D2031363B2069203C2036383B20692B2B290A2020202020202020202020207B0A2020202020202020202020202020202077775B695D203D2050312877775B69202D2031365D205E2077775B69202D20395D205E2028524F544154452877775B69202D20335D2C203135292929205E2028524F544154452877775B69202D2031335D2C20372929205E2077775B69202D20365D3B0A2020202020202020202020207D0A0A202020202020202020202020666F72202869203D20303B2069203C2036343B20692B2B290A2020202020202020202020207B0A2020202020202020202020202020202077775F5B695D203D2077775B695D205E2077775B69202B20345D3B0A2020202020202020202020207D0A0A202020202020202020202020696E745B5D207676203D20763B0A202020202020202020202020696E745B5D2076765F203D20765F3B0A0A20202020202020202020202041727261792E436F70792876762C20302C2076765F2C20302C2076302E4C656E677468293B0A0A202020202020202020202020696E74205353312C205353322C205454312C205454322C206161613B0A202020202020202020202020666F72202869203D20303B2069203C2031363B20692B2B290A2020202020202020202020207B0A20202020202020202020202020202020616161203D20524F544154452876765F5B305D2C203132293B0A20202020202020202020202020202020535331203D20616161202B2076765F5B345D202B20524F5441544528545F30305F31352C2069293B0A20202020202020202020202020202020535331203D20524F54415445285353312C2037293B0A20202020202020202020202020202020535332203D20535331205E206161613B0A0A20202020202020202020202020202020545431203D2046465F30305F31352876765F5B305D2C2076765F5B315D2C2076765F5B325D29202B2076765F5B335D202B20535332202B2077775F5B695D3B0A20202020202020202020202020202020545432203D2047475F30305F31352876765F5B345D2C2076765F5B355D2C2076765F5B365D29202B2076765F5B375D202B20535331202B2077775B695D3B0A2020202020202020202020202020202076765F5B335D203D2076765F5B325D3B0A2020202020202020202020202020202076765F5B325D203D20524F544154452876765F5B315D2C2039293B0A2020202020202020202020202020202076765F5B315D203D2076765F5B305D3B0A2020202020202020202020202020202076765F5B305D203D205454313B0A2020202020202020202020202020202076765F5B375D203D2076765F5B365D3B0A2020202020202020202020202020202076765F5B365D203D20524F544154452876765F5B355D2C203139293B0A2020202020202020202020202020202076765F5B355D203D2076765F5B345D3B0A2020202020202020202020202020202076765F5B345D203D20503028545432293B0A2020202020202020202020207D0A202020202020202020202020666F72202869203D2031363B2069203C2036343B20692B2B290A2020202020202020202020207B0A20202020202020202020202020202020616161203D20524F544154452876765F5B305D2C203132293B0A20202020202020202020202020202020535331203D20616161202B2076765F5B345D202B20524F5441544528545F31365F36332C2069293B0A20202020202020202020202020202020535331203D20524F54415445285353312C2037293B0A20202020202020202020202020202020535332203D20535331205E206161613B0A0A20202020202020202020202020202020545431203D2046465F31365F36332876765F5B305D2C2076765F5B315D2C2076765F5B325D29202B2076765F5B335D202B20535332202B2077775F5B695D3B0A20202020202020202020202020202020545432203D2047475F31365F36332876765F5B345D2C2076765F5B355D2C2076765F5B365D29202B2076765F5B375D202B20535331202B2077775B695D3B0A2020202020202020202020202020202076765F5B335D203D2076765F5B325D3B0A2020202020202020202020202020202076765F5B325D203D20524F544154452876765F5B315D2C2039293B0A2020202020202020202020202020202076765F5B315D203D2076765F5B305D3B0A2020202020202020202020202020202076765F5B305D203D205454313B0A2020202020202020202020202020202076765F5B375D203D2076765F5B365D3B0A2020202020202020202020202020202076765F5B365D203D20524F544154452876765F5B355D2C203139293B0A2020202020202020202020202020202076765F5B355D203D2076765F5B345D3B0A2020202020202020202020202020202076765F5B345D203D20503028545432293B0A2020202020202020202020207D0A202020202020202020202020666F72202869203D20303B2069203C20383B20692B2B290A2020202020202020202020207B0A2020202020202020202020202020202076765B695D205E3D2076765F5B695D3B0A2020202020202020202020207D0A0A2020202020202020202020202F2F2052657365740A202020202020202020202020784F6666203D20303B0A20202020202020202020202041727261792E436F70792858302C20302C20582C20302C2058302E4C656E677468293B0A20202020202020207D0A0A2020202020202020696E7465726E616C206F7665727269646520766F69642050726F63657373576F726428627974655B5D20696E5F52656E616D65642C20696E7420696E4F6666290A20202020202020207B0A202020202020202020202020696E74206E203D20696E5F52656E616D65645B696E4F66665D203C3C2032343B0A2020202020202020202020206E207C3D2028696E5F52656E616D65645B2B2B696E4F66665D2026203078666629203C3C2031363B0A2020202020202020202020206E207C3D2028696E5F52656E616D65645B2B2B696E4F66665D2026203078666629203C3C20383B0A2020202020202020202020206E207C3D2028696E5F52656E616D65645B2B2B696E4F66665D20262030786666293B0A202020202020202020202020585B784F66665D203D206E3B0A0A202020202020202020202020696620282B2B784F6666203D3D203136290A2020202020202020202020207B0A2020202020202020202020202020202050726F63657373426C6F636B28293B0A2020202020202020202020207D0A20202020202020207D0A0A2020202020202020696E7465726E616C206F7665727269646520766F69642050726F636573734C656E677468286C6F6E67206269744C656E677468290A20202020202020207B0A20202020202020202020202069662028784F6666203E203134290A2020202020202020202020207B0A2020202020202020202020202020202050726F63657373426C6F636B28293B0A2020202020202020202020207D0A0A202020202020202020202020585B31345D203D2028696E742928537570706F7274436C6173732E55525368696674286269744C656E6774682C20333229293B0A202020202020202020202020585B31355D203D2028696E7429286269744C656E677468202620756E636865636B65642828696E74293078666666666666666629293B0A20202020202020207D0A0A20202020202020207075626C69632073746174696320766F696420496E74546F426967456E6469616E28696E74206E2C20627974655B5D2062732C20696E74206F6666290A20202020202020207B0A20202020202020202020202062735B6F66665D203D2028627974652928537570706F7274436C6173732E55525368696674286E2C20323429293B0A20202020202020202020202062735B2B2B6F66665D203D2028627974652928537570706F7274436C6173732E55525368696674286E2C20313629293B0A20202020202020202020202062735B2B2B6F66665D203D2028627974652928537570706F7274436C6173732E55525368696674286E2C203829293B0A20202020202020202020202062735B2B2B6F66665D203D20286279746529286E293B0A20202020202020207D0A0A20202020202020207075626C6963206F7665727269646520696E7420446F46696E616C28627974655B5D206F75745F52656E616D65642C20696E74206F75744F6666290A20202020202020207B0A20202020202020202020202046696E69736828293B0A0A202020202020202020202020666F722028696E742069203D20303B2069203C20383B20692B2B290A2020202020202020202020207B0A20202020202020202020202020202020496E74546F426967456E6469616E28765B695D2C206F75745F52656E616D65642C206F75744F6666202B2069202A2034293B0A2020202020202020202020207D0A0A202020202020202020202020526573657428293B0A0A20202020202020202020202072657475726E204449474553545F4C454E4754483B0A20202020202020207D0A0A20202020202020207072697661746520696E7420524F5441544528696E7420782C20696E74206E290A20202020202020207B0A20202020202020202020202072657475726E202878203C3C206E29207C2028537570706F7274436C6173732E5552536869667428782C20283332202D206E2929293B0A20202020202020207D0A0A20202020202020207072697661746520696E7420503028696E742058290A20202020202020207B0A20202020202020202020202072657475726E2028285829205E20524F54415445282858292C203929205E20524F54415445282858292C20313729293B0A20202020202020207D0A0A20202020202020207072697661746520696E7420503128696E742058290A20202020202020207B0A20202020202020202020202072657475726E2028285829205E20524F54415445282858292C20313529205E20524F54415445282858292C20323329293B0A20202020202020207D0A0A20202020202020207072697661746520696E742046465F30305F313528696E7420582C20696E7420592C20696E74205A290A20202020202020207B0A20202020202020202020202072657475726E202858205E2059205E205A293B0A20202020202020207D0A0A20202020202020207072697661746520696E742046465F31365F363328696E7420582C20696E7420592C20696E74205A290A20202020202020207B0A20202020202020202020202072657475726E202828582026205929207C2028582026205A29207C2028592026205A29293B0A20202020202020207D0A0A20202020202020207072697661746520696E742047475F30305F313528696E7420582C20696E7420592C20696E74205A290A20202020202020207B0A20202020202020202020202072657475726E202858205E2059205E205A293B0A20202020202020207D0A0A20202020202020207072697661746520696E742047475F31365F363328696E7420582C20696E7420592C20696E74205A290A20202020202020207B0A20202020202020202020202072657475726E202828582026205929207C20287E582026205A29293B0A20202020202020207D0A0A20202020202020207075626C69632073746174696320737472696E6720476574536D3353747228737472696E6720696E707574290A20202020202020207B0A202020202020202020202020627974655B5D206D64203D206E657720627974655B33325D3B0A202020202020202020202020627974655B5D206D736731203D20456E636F64696E672E555446382E476574427974657328696E707574293B0A202020202020202020202020534D3344696765737420736D33203D206E657720534D3344696765737428293B0A202020202020202020202020736D332E426C6F636B557064617465286D7367312C20302C206D7367312E4C656E677468293B0A202020202020202020202020736D332E446F46696E616C286D642C2030293B0A202020202020202020202020737472696E672073203D206E65772055544638456E636F64696E6728292E476574537472696E67284865782E456E636F6465286D6429293B0A20202020202020202020202072657475726E20732E546F557070657228293B0A20202020202020207D0A202020207D0A7D, '0');
INSERT INTO `file_template` VALUES ('33', '1', 'Lym', 'Common', '4', '类文件(.cs)', '1', '26', 'MS', 'SM4.cs', '\0', 0x7573696E672053797374656D3B0A7573696E672053797374656D2E436F6C6C656374696F6E732E47656E657269633B0A0A6E616D6573706163652040284D6F64656C2E50726F6A6563744E616D65292E436F6D6D6F6E2E4D530A7B0A20202020696E7465726E616C20636C61737320534D340A202020207B0A20202020202020207075626C696320636F6E737420696E7420534D345F454E4352595054203D20313B0A20202020202020207075626C696320636F6E737420696E7420534D345F44454352595054203D20303B0A0A202020202020202070726976617465206C6F6E67204745545F554C4F4E475F424528627974655B5D20622C20696E742069290A20202020202020207B0A2020202020202020202020206C6F6E67206E203D20286C6F6E672928625B695D2026203078666629203C3C203234207C20286C6F6E67292828625B69202B20315D2026203078666629203C3C20313629207C20286C6F6E67292828625B69202B20325D2026203078666629203C3C203829207C20286C6F6E672928625B69202B20335D2026203078666629202620307866666666666666664C3B0A20202020202020202020202072657475726E206E3B0A20202020202020207D0A0A20202020202020207072697661746520766F6964205055545F554C4F4E475F4245286C6F6E67206E2C20627974655B5D20622C20696E742069290A20202020202020207B0A202020202020202020202020625B695D203D2028627974652928696E742928307846462026206E203E3E203234293B0A202020202020202020202020625B69202B20315D203D2028627974652928696E742928307846462026206E203E3E203136293B0A202020202020202020202020625B69202B20325D203D2028627974652928696E742928307846462026206E203E3E2038293B0A202020202020202020202020625B69202B20335D203D2028627974652928696E742928307846462026206E293B0A20202020202020207D0A0A202020202020202070726976617465206C6F6E672053484C286C6F6E6720782C20696E74206E290A20202020202020207B0A20202020202020202020202072657475726E2028782026203078464646464646464629203C3C206E3B0A20202020202020207D0A0A202020202020202070726976617465206C6F6E6720524F544C286C6F6E6720782C20696E74206E290A20202020202020207B0A20202020202020202020202072657475726E2053484C28782C206E29207C2078203E3E20283332202D206E293B0A20202020202020207D0A0A20202020202020207072697661746520766F69642053574150286C6F6E675B5D20736B2C20696E742069290A20202020202020207B0A2020202020202020202020206C6F6E672074203D20736B5B695D3B0A202020202020202020202020736B5B695D203D20736B5B283331202D2069295D3B0A202020202020202020202020736B5B283331202D2069295D203D20743B0A20202020202020207D0A0A20202020202020207075626C696320627974655B5D2053626F785461626C65203D206E657720627974655B5D207B2028627974652920307864362C2028627974652920307839302C2028627974652920307865392C2028627974652920307866652C0A20202020202020202020202028627974652920307863632C2028627974652920307865312C20307833642C2028627974652920307862372C20307831362C2028627974652920307862362C0A202020202020202020202020307831342C2028627974652920307863322C20307832382C2028627974652920307866622C20307832632C20307830352C20307832622C20307836372C0A20202020202020202020202028627974652920307839612C20307837362C20307832612C2028627974652920307862652C20307830342C2028627974652920307863332C0A20202020202020202020202028627974652920307861612C20307834342C20307831332C20307832362C20307834392C2028627974652920307838362C20307830362C0A20202020202020202020202028627974652920307839392C2028627974652920307839632C20307834322C20307835302C2028627974652920307866342C2028627974652920307839312C0A20202020202020202020202028627974652920307865662C2028627974652920307839382C20307837612C20307833332C20307835342C20307830622C20307834332C0A20202020202020202020202028627974652920307865642C2028627974652920307863662C2028627974652920307861632C20307836322C2028627974652920307865342C0A20202020202020202020202028627974652920307862332C20307831632C2028627974652920307861392C2028627974652920307863392C20307830382C2028627974652920307865382C0A20202020202020202020202028627974652920307839352C2028627974652920307838302C2028627974652920307864662C2028627974652920307839342C2028627974652920307866612C0A202020202020202020202020307837352C2028627974652920307838662C20307833662C2028627974652920307861362C20307834372C20307830372C2028627974652920307861372C0A20202020202020202020202028627974652920307866632C2028627974652920307866332C20307837332C20307831372C2028627974652920307862612C2028627974652920307838332C0A202020202020202020202020307835392C20307833632C20307831392C2028627974652920307865362C2028627974652920307838352C20307834662C2028627974652920307861382C0A202020202020202020202020307836382C20307836622C2028627974652920307838312C2028627974652920307862322C20307837312C20307836342C2028627974652920307864612C0A20202020202020202020202028627974652920307838622C2028627974652920307866382C2028627974652920307865622C20307830662C20307834622C20307837302C20307835362C0A20202020202020202020202028627974652920307839642C20307833352C20307831652C20307832342C20307830652C20307835652C20307836332C20307835382C2028627974652920307864312C0A20202020202020202020202028627974652920307861322C20307832352C20307832322C20307837632C20307833622C20307830312C20307832312C20307837382C2028627974652920307838372C0A20202020202020202020202028627974652920307864342C20307830302C20307834362C20307835372C2028627974652920307839662C2028627974652920307864332C20307832372C0A202020202020202020202020307835322C20307834632C20307833362C20307830322C2028627974652920307865372C2028627974652920307861302C2028627974652920307863342C0A20202020202020202020202028627974652920307863382C2028627974652920307839652C2028627974652920307865612C2028627974652920307862662C2028627974652920307838612C0A20202020202020202020202028627974652920307864322C20307834302C2028627974652920307863372C20307833382C2028627974652920307862352C2028627974652920307861332C0A20202020202020202020202028627974652920307866372C2028627974652920307866322C2028627974652920307863652C2028627974652920307866392C20307836312C20307831352C0A20202020202020202020202028627974652920307861312C2028627974652920307865302C2028627974652920307861652C20307835642C2028627974652920307861342C0A20202020202020202020202028627974652920307839622C20307833342C20307831612C20307835352C2028627974652920307861642C2028627974652920307839332C20307833322C0A202020202020202020202020307833302C2028627974652920307866352C2028627974652920307838632C2028627974652920307862312C2028627974652920307865332C20307831642C0A20202020202020202020202028627974652920307866362C2028627974652920307865322C20307832652C2028627974652920307838322C20307836362C2028627974652920307863612C0A202020202020202020202020307836302C2028627974652920307863302C20307832392C20307832332C2028627974652920307861622C20307830642C20307835332C20307834652C20307836662C0A20202020202020202020202028627974652920307864352C2028627974652920307864622C20307833372C20307834352C2028627974652920307864652C2028627974652920307866642C0A20202020202020202020202028627974652920307838652C20307832662C20307830332C2028627974652920307866662C20307836612C20307837322C20307836642C20307836632C20307835622C0A202020202020202020202020307835312C2028627974652920307838642C20307831622C2028627974652920307861662C2028627974652920307839322C2028627974652920307862622C0A20202020202020202020202028627974652920307864642C2028627974652920307862632C20307837662C20307831312C2028627974652920307864392C20307835632C20307834312C0A202020202020202020202020307831662C20307831302C20307835612C2028627974652920307864382C20307830612C2028627974652920307863312C20307833312C0A20202020202020202020202028627974652920307838382C2028627974652920307861352C2028627974652920307863642C20307837622C2028627974652920307862642C20307832642C0A202020202020202020202020307837342C2028627974652920307864302C20307831322C2028627974652920307862382C2028627974652920307865352C2028627974652920307862342C0A20202020202020202020202028627974652920307862302C2028627974652920307838392C20307836392C2028627974652920307839372C20307834612C20307830632C0A20202020202020202020202028627974652920307839362C20307837372C20307837652C20307836352C2028627974652920307862392C2028627974652920307866312C20307830392C0A20202020202020202020202028627974652920307863352C20307836652C2028627974652920307863362C2028627974652920307838342C20307831382C2028627974652920307866302C0A202020202020202020202020307837642C2028627974652920307865632C20307833612C2028627974652920307864632C20307834642C20307832302C20307837392C0A20202020202020202020202028627974652920307865652C20307835662C20307833652C2028627974652920307864372C2028627974652920307863622C20307833392C2030783438207D3B0A0A20202020202020207075626C69632075696E745B5D20464B203D207B20307861336231626163362C20307835366161333335302C20307836373764393139372C2030786232373032326463207D3B0A0A20202020202020207075626C69632075696E745B5D20434B203D207B20307830303037306531352C307831633233326133312C307833383366343634642C307835343562363236392C0A20202020202020202020202020202020202020202020202020202020202020202020202020202020307837303737376538352C307838633933396161312C307861386166623662642C307863346362643264392C0A20202020202020202020202020202020202020202020202020202020202020202020202020202020307865306537656566352C307866633033306131312C307831383166323632642C307833343362343234392C0A20202020202020202020202020202020202020202020202020202020202020202020202020202020307835303537356536352C307836633733376138312C307838383866393639642C307861346162623262392C0A20202020202020202020202020202020202020202020202020202020202020202020202020202020307863306337636564352C307864636533656166312C307866386666303630642C307831343162323232392C0A20202020202020202020202020202020202020202020202020202020202020202020202020202020307833303337336534352C307834633533356136312C307836383666373637642C307838343862393239392C0A20202020202020202020202020202020202020202020202020202020202020202020202020202020307861306137616562352C307862636333636164312C307864386466653665642C307866346662303230392C0A20202020202020202020202020202020202020202020202020202020202020202020202020202020307831303137316532352C307832633333336134312C307834383466353635642C30783634366237323739207D3B0A0A202020202020202070726976617465206279746520736D3453626F78286279746520696E6368290A20202020202020207B0A202020202020202020202020696E742069203D20696E6368202620307846463B0A202020202020202020202020627974652072657456616C203D2053626F785461626C655B695D3B0A20202020202020202020202072657475726E2072657456616C3B0A20202020202020207D0A0A202020202020202070726976617465206C6F6E6720736D344C74286C6F6E67206B61290A20202020202020207B0A2020202020202020202020206C6F6E67206262203D20304C3B0A2020202020202020202020206C6F6E672063203D20304C3B0A202020202020202020202020627974655B5D2061203D206E657720627974655B345D3B0A202020202020202020202020627974655B5D2062203D206E657720627974655B345D3B0A2020202020202020202020205055545F554C4F4E475F4245286B612C20612C2030293B0A202020202020202020202020625B305D203D20736D3453626F7828615B305D293B0A202020202020202020202020625B315D203D20736D3453626F7828615B315D293B0A202020202020202020202020625B325D203D20736D3453626F7828615B325D293B0A202020202020202020202020625B335D203D20736D3453626F7828615B335D293B0A2020202020202020202020206262203D204745545F554C4F4E475F424528622C2030293B0A20202020202020202020202063203D206262205E20524F544C2862622C203229205E20524F544C2862622C20313029205E20524F544C2862622C20313829205E20524F544C2862622C203234293B0A20202020202020202020202072657475726E20633B0A20202020202020207D0A0A202020202020202070726976617465206C6F6E6720736D3446286C6F6E672078302C206C6F6E672078312C206C6F6E672078322C206C6F6E672078332C206C6F6E6720726B290A20202020202020207B0A20202020202020202020202072657475726E207830205E20736D344C74287831205E207832205E207833205E20726B293B0A20202020202020207D0A0A202020202020202070726976617465206C6F6E6720736D3443616C6369524B286C6F6E67206B61290A20202020202020207B0A2020202020202020202020206C6F6E67206262203D20304C3B0A2020202020202020202020206C6F6E6720726B203D20304C3B0A202020202020202020202020627974655B5D2061203D206E657720627974655B345D3B0A202020202020202020202020627974655B5D2062203D206E657720627974655B345D3B0A2020202020202020202020205055545F554C4F4E475F4245286B612C20612C2030293B0A202020202020202020202020625B305D203D20736D3453626F7828615B305D293B0A202020202020202020202020625B315D203D20736D3453626F7828615B315D293B0A202020202020202020202020625B325D203D20736D3453626F7828615B325D293B0A202020202020202020202020625B335D203D20736D3453626F7828615B335D293B0A2020202020202020202020206262203D204745545F554C4F4E475F424528622C2030293B0A202020202020202020202020726B203D206262205E20524F544C2862622C20313329205E20524F544C2862622C203233293B0A20202020202020202020202072657475726E20726B3B0A20202020202020207D0A0A20202020202020207072697661746520766F696420736D345F7365746B6579286C6F6E675B5D20534B2C20627974655B5D206B6579290A20202020202020207B0A2020202020202020202020206C6F6E675B5D204D4B203D206E6577206C6F6E675B345D3B0A2020202020202020202020206C6F6E675B5D206B203D206E6577206C6F6E675B33365D3B0A202020202020202020202020696E742069203D20303B0A2020202020202020202020204D4B5B305D203D204745545F554C4F4E475F4245286B65792C2030293B0A2020202020202020202020204D4B5B315D203D204745545F554C4F4E475F4245286B65792C2034293B0A2020202020202020202020204D4B5B325D203D204745545F554C4F4E475F4245286B65792C2038293B0A2020202020202020202020204D4B5B335D203D204745545F554C4F4E475F4245286B65792C203132293B0A2020202020202020202020206B5B305D203D204D4B5B305D205E20286C6F6E6729464B5B305D3B0A2020202020202020202020206B5B315D203D204D4B5B315D205E20286C6F6E6729464B5B315D3B0A2020202020202020202020206B5B325D203D204D4B5B325D205E20286C6F6E6729464B5B325D3B0A2020202020202020202020206B5B335D203D204D4B5B335D205E20286C6F6E6729464B5B335D3B0A202020202020202020202020666F7220283B2069203C2033323B20692B2B290A2020202020202020202020207B0A202020202020202020202020202020206B5B2869202B2034295D203D20286B5B695D205E20736D3443616C6369524B286B5B2869202B2031295D205E206B5B2869202B2032295D205E206B5B2869202B2033295D205E20286C6F6E6729434B5B695D29293B0A20202020202020202020202020202020534B5B695D203D206B5B2869202B2034295D3B0A2020202020202020202020207D0A20202020202020207D0A0A20202020202020207072697661746520766F696420736D345F6F6E655F726F756E64286C6F6E675B5D20736B2C20627974655B5D20696E7075742C20627974655B5D206F7574707574290A20202020202020207B0A202020202020202020202020696E742069203D20303B0A2020202020202020202020206C6F6E675B5D20756C627566203D206E6577206C6F6E675B33365D3B0A202020202020202020202020756C6275665B305D203D204745545F554C4F4E475F424528696E7075742C2030293B0A202020202020202020202020756C6275665B315D203D204745545F554C4F4E475F424528696E7075742C2034293B0A202020202020202020202020756C6275665B325D203D204745545F554C4F4E475F424528696E7075742C2038293B0A202020202020202020202020756C6275665B335D203D204745545F554C4F4E475F424528696E7075742C203132293B0A2020202020202020202020207768696C65202869203C203332290A2020202020202020202020207B0A20202020202020202020202020202020756C6275665B2869202B2034295D203D20736D344628756C6275665B695D2C20756C6275665B2869202B2031295D2C20756C6275665B2869202B2032295D2C20756C6275665B2869202B2033295D2C20736B5B695D293B0A20202020202020202020202020202020692B2B3B0A2020202020202020202020207D0A2020202020202020202020205055545F554C4F4E475F424528756C6275665B33355D2C206F75747075742C2030293B0A2020202020202020202020205055545F554C4F4E475F424528756C6275665B33345D2C206F75747075742C2034293B0A2020202020202020202020205055545F554C4F4E475F424528756C6275665B33335D2C206F75747075742C2038293B0A2020202020202020202020205055545F554C4F4E475F424528756C6275665B33325D2C206F75747075742C203132293B0A20202020202020207D0A0A20202020202020207072697661746520627974655B5D2070616464696E6728627974655B5D20696E7075742C20696E74206D6F6465290A20202020202020207B0A20202020202020202020202069662028696E707574203D3D206E756C6C290A2020202020202020202020207B0A2020202020202020202020202020202072657475726E206E756C6C3B0A2020202020202020202020207D0A0A202020202020202020202020627974655B5D20726574203D2028627974655B5D296E756C6C3B0A202020202020202020202020696620286D6F6465203D3D20534D345F454E4352595054290A2020202020202020202020207B0A20202020202020202020202020202020696E742070203D203136202D20696E7075742E4C656E67746820252031363B0A20202020202020202020202020202020726574203D206E657720627974655B696E7075742E4C656E677468202B20705D3B0A2020202020202020202020202020202041727261792E436F707928696E7075742C20302C207265742C20302C20696E7075742E4C656E677468293B0A20202020202020202020202020202020666F722028696E742069203D20303B2069203C20703B20692B2B290A202020202020202020202020202020207B0A20202020202020202020202020202020202020207265745B696E7075742E4C656E677468202B20695D203D20286279746529703B0A202020202020202020202020202020207D0A2020202020202020202020207D0A202020202020202020202020656C73650A2020202020202020202020207B0A20202020202020202020202020202020696E742070203D20696E7075745B696E7075742E4C656E677468202D20315D3B0A20202020202020202020202020202020726574203D206E657720627974655B696E7075742E4C656E677468202D20705D3B0A2020202020202020202020202020202041727261792E436F707928696E7075742C20302C207265742C20302C20696E7075742E4C656E677468202D2070293B0A2020202020202020202020207D0A20202020202020202020202072657475726E207265743B0A20202020202020207D0A0A20202020202020207075626C696320766F696420736D345F7365746B65795F656E6328534D345F436F6E74657874206374782C20627974655B5D206B6579290A20202020202020207B0A2020202020202020202020206374782E6D6F6465203D20534D345F454E43525950543B0A202020202020202020202020736D345F7365746B6579286374782E736B2C206B6579293B0A20202020202020207D0A0A20202020202020207075626C696320766F696420736D345F7365746B65795F64656328534D345F436F6E74657874206374782C20627974655B5D206B6579290A20202020202020207B0A202020202020202020202020696E742069203D20303B0A2020202020202020202020206374782E6D6F6465203D20534D345F444543525950543B0A202020202020202020202020736D345F7365746B6579286374782E736B2C206B6579293B0A202020202020202020202020666F72202869203D20303B2069203C2031363B20692B2B290A2020202020202020202020207B0A2020202020202020202020202020202053574150286374782E736B2C2069293B0A2020202020202020202020207D0A20202020202020207D0A0A20202020202020207075626C696320627974655B5D20736D345F63727970745F65636228534D345F436F6E74657874206374782C20627974655B5D20696E707574290A20202020202020207B0A20202020202020202020202069662028286374782E697350616464696E672920262620286374782E6D6F6465203D3D20534D345F454E435259505429290A2020202020202020202020207B0A20202020202020202020202020202020696E707574203D2070616464696E6728696E7075742C20534D345F454E4352595054293B0A2020202020202020202020207D0A0A202020202020202020202020696E74206C656E677468203D20696E7075742E4C656E6774683B0A202020202020202020202020627974655B5D2062696E73203D206E657720627974655B6C656E6774685D3B0A20202020202020202020202041727261792E436F707928696E7075742C20302C2062696E732C20302C206C656E677468293B0A202020202020202020202020627974655B5D20626F7573203D206E657720627974655B6C656E6774685D3B0A202020202020202020202020666F722028696E742069203D20303B206C656E677468203E20303B206C656E677468202D3D2031362C20692B2B290A2020202020202020202020207B0A20202020202020202020202020202020627974655B5D20696E4279746573203D206E657720627974655B31365D3B0A20202020202020202020202020202020627974655B5D206F75744279746573203D206E657720627974655B31365D3B0A2020202020202020202020202020202041727261792E436F70792862696E732C2069202A2031362C20696E42797465732C20302C206C656E677468203E203136203F203136203A206C656E677468293B0A20202020202020202020202020202020736D345F6F6E655F726F756E64286374782E736B2C20696E42797465732C206F75744279746573293B0A2020202020202020202020202020202041727261792E436F7079286F757442797465732C20302C20626F75732C2069202A2031362C206C656E677468203E203136203F203136203A206C656E677468293B0A2020202020202020202020207D0A0A202020202020202020202020696620286374782E697350616464696E67202626206374782E6D6F6465203D3D20534D345F44454352595054290A2020202020202020202020207B0A20202020202020202020202020202020626F7573203D2070616464696E6728626F75732C20534D345F44454352595054293B0A2020202020202020202020207D0A20202020202020202020202072657475726E20626F75733B0A20202020202020207D0A0A20202020202020207075626C696320627974655B5D20736D345F63727970745F63626328534D345F436F6E74657874206374782C20627974655B5D2069762C20627974655B5D20696E707574290A20202020202020207B0A202020202020202020202020696620286374782E697350616464696E67202626206374782E6D6F6465203D3D20534D345F454E4352595054290A2020202020202020202020207B0A20202020202020202020202020202020696E707574203D2070616464696E6728696E7075742C20534D345F454E4352595054293B0A2020202020202020202020207D0A0A202020202020202020202020696E742069203D20303B0A202020202020202020202020696E74206C656E677468203D20696E7075742E4C656E6774683B0A202020202020202020202020627974655B5D2062696E73203D206E657720627974655B6C656E6774685D3B0A20202020202020202020202041727261792E436F707928696E7075742C20302C2062696E732C20302C206C656E677468293B0A202020202020202020202020627974655B5D20626F7573203D206E756C6C3B0A2020202020202020202020204C6973743C627974653E20626F75734C697374203D206E6577204C6973743C627974653E28293B0A202020202020202020202020696620286374782E6D6F6465203D3D20534D345F454E4352595054290A2020202020202020202020207B0A20202020202020202020202020202020666F722028696E74206A203D20303B206C656E677468203E20303B206C656E677468202D3D2031362C206A2B2B290A202020202020202020202020202020207B0A2020202020202020202020202020202020202020627974655B5D20696E4279746573203D206E657720627974655B31365D3B0A2020202020202020202020202020202020202020627974655B5D206F75744279746573203D206E657720627974655B31365D3B0A2020202020202020202020202020202020202020627974655B5D206F757431203D206E657720627974655B31365D3B0A0A202020202020202020202020202020202020202041727261792E436F70792862696E732C2069202A2031362C20696E42797465732C20302C206C656E677468203E203136203F203136203A206C656E677468293B0A2020202020202020202020202020202020202020666F72202869203D20303B2069203C2031363B20692B2B290A20202020202020202020202020202020202020207B0A2020202020202020202020202020202020202020202020206F757442797465735B695D203D202828627974652928696E42797465735B695D205E2069765B695D29293B0A20202020202020202020202020202020202020207D0A2020202020202020202020202020202020202020736D345F6F6E655F726F756E64286374782E736B2C206F757442797465732C206F757431293B0A202020202020202020202020202020202020202041727261792E436F7079286F7574312C20302C2069762C20302C203136293B0A2020202020202020202020202020202020202020666F722028696E74206B203D20303B206B203C2031363B206B2B2B290A20202020202020202020202020202020202020207B0A202020202020202020202020202020202020202020202020626F75734C6973742E416464286F7574315B6B5D293B0A20202020202020202020202020202020202020207D0A202020202020202020202020202020207D0A2020202020202020202020207D0A202020202020202020202020656C73650A2020202020202020202020207B0A20202020202020202020202020202020627974655B5D2074656D70203D206E657720627974655B31365D3B0A20202020202020202020202020202020666F722028696E74206A203D20303B206C656E677468203E20303B206C656E677468202D3D2031362C206A2B2B290A202020202020202020202020202020207B0A2020202020202020202020202020202020202020627974655B5D20696E4279746573203D206E657720627974655B31365D3B0A2020202020202020202020202020202020202020627974655B5D206F75744279746573203D206E657720627974655B31365D3B0A2020202020202020202020202020202020202020627974655B5D206F757431203D206E657720627974655B31365D3B0A0A202020202020202020202020202020202020202041727261792E436F70792862696E732C2069202A2031362C20696E42797465732C20302C206C656E677468203E203136203F203136203A206C656E677468293B0A202020202020202020202020202020202020202041727261792E436F707928696E42797465732C20302C2074656D702C20302C203136293B0A2020202020202020202020202020202020202020736D345F6F6E655F726F756E64286374782E736B2C20696E42797465732C206F75744279746573293B0A2020202020202020202020202020202020202020666F72202869203D20303B2069203C2031363B20692B2B290A20202020202020202020202020202020202020207B0A2020202020202020202020202020202020202020202020206F7574315B695D203D2028286279746529286F757442797465735B695D205E2069765B695D29293B0A20202020202020202020202020202020202020207D0A202020202020202020202020202020202020202041727261792E436F70792874656D702C20302C2069762C20302C203136293B0A2020202020202020202020202020202020202020666F722028696E74206B203D20303B206B203C2031363B206B2B2B290A20202020202020202020202020202020202020207B0A202020202020202020202020202020202020202020202020626F75734C6973742E416464286F7574315B6B5D293B0A20202020202020202020202020202020202020207D0A202020202020202020202020202020207D0A2020202020202020202020207D0A0A202020202020202020202020696620286374782E697350616464696E67202626206374782E6D6F6465203D3D20534D345F44454352595054290A2020202020202020202020207B0A20202020202020202020202020202020626F7573203D2070616464696E6728626F75734C6973742E546F417272617928292C20534D345F44454352595054293B0A2020202020202020202020202020202072657475726E20626F75733B0A2020202020202020202020207D0A202020202020202020202020656C73650A2020202020202020202020207B0A2020202020202020202020202020202072657475726E20626F75734C6973742E546F417272617928293B0A2020202020202020202020207D0A20202020202020207D0A202020207D0A7D, '0');
INSERT INTO `file_template` VALUES ('34', '1', 'Lym', 'Common', '4', '类文件(.cs)', '1', '26', 'MS', 'SM4_Context.cs', '\0', 0x6E616D6573706163652040284D6F64656C2E50726F6A6563744E616D65292E436F6D6D6F6E2E4D530A7B0A20202020696E7465726E616C20636C61737320534D345F436F6E746578740A202020207B0A20202020202020207075626C696320696E74206D6F64653B0A0A20202020202020207075626C6963206C6F6E675B5D20736B3B0A0A20202020202020207075626C696320626F6F6C20697350616464696E673B0A0A20202020202020207075626C696320534D345F436F6E7465787428290A20202020202020207B0A202020202020202020202020746869732E6D6F6465203D20313B0A202020202020202020202020746869732E697350616464696E67203D20747275653B0A202020202020202020202020746869732E736B203D206E6577206C6F6E675B33325D3B0A20202020202020207D0A202020207D0A7D, '0');
INSERT INTO `file_template` VALUES ('35', '1', 'Lym', 'Common', '4', '类文件(.cs)', '1', '26', 'MS', 'SM4Utils.cs', '\0', 0x7573696E67204F72672E426F756E6379436173746C652E5574696C69746965732E456E636F646572733B0A7573696E672053797374656D3B0A7573696E672053797374656D2E546578743B0A0A6E616D6573706163652040284D6F64656C2E50726F6A6563744E616D65292E436F6D6D6F6E2E4D530A7B0A202020207075626C696320636C61737320534D345574696C730A202020207B0A20202020202020207075626C696320537472696E67207365637265744B6579203D2022223B0A20202020202020207075626C696320537472696E67206976203D2022223B0A20202020202020207075626C696320626F6F6C20686578537472696E67203D2066616C73653B0A0A20202020202020207075626C696320537472696E6720456E63727970745F45434228537472696E6720706C61696E54657874290A20202020202020207B0A202020202020202020202020534D345F436F6E7465787420637478203D206E657720534D345F436F6E7465787428293B0A2020202020202020202020206374782E697350616464696E67203D20747275653B0A2020202020202020202020206374782E6D6F6465203D20534D342E534D345F454E43525950543B0A0A202020202020202020202020627974655B5D206B657942797465733B0A20202020202020202020202069662028686578537472696E67290A2020202020202020202020207B0A202020202020202020202020202020206B65794279746573203D204865782E4465636F6465287365637265744B6579293B0A2020202020202020202020207D0A202020202020202020202020656C73650A2020202020202020202020207B0A202020202020202020202020202020206B65794279746573203D20456E636F64696E672E555446382E4765744279746573287365637265744B6579293B0A2020202020202020202020207D0A0A202020202020202020202020534D3420736D34203D206E657720534D3428293B0A202020202020202020202020736D342E736D345F7365746B65795F656E63286374782C206B65794279746573293B0A202020202020202020202020627974655B5D20656E63727970746564203D20736D342E736D345F63727970745F656362286374782C20456E636F64696E672E555446382E476574427974657328706C61696E5465787429293B0A0A202020202020202020202020537472696E672063697068657254657874203D20456E636F64696E672E555446382E476574537472696E67284865782E456E636F646528656E6372797074656429293B0A20202020202020202020202072657475726E20636970686572546578743B0A20202020202020207D0A0A20202020202020207075626C696320537472696E6720446563727970745F45434228537472696E672063697068657254657874290A20202020202020207B0A202020202020202020202020534D345F436F6E7465787420637478203D206E657720534D345F436F6E7465787428293B0A2020202020202020202020206374782E697350616464696E67203D20747275653B0A2020202020202020202020206374782E6D6F6465203D20534D342E534D345F444543525950543B0A0A202020202020202020202020627974655B5D206B657942797465733B0A20202020202020202020202069662028686578537472696E67290A2020202020202020202020207B0A202020202020202020202020202020206B65794279746573203D204865782E4465636F6465287365637265744B6579293B0A2020202020202020202020207D0A202020202020202020202020656C73650A2020202020202020202020207B0A202020202020202020202020202020206B65794279746573203D20456E636F64696E672E555446382E4765744279746573287365637265744B6579293B0A2020202020202020202020207D0A0A202020202020202020202020534D3420736D34203D206E657720534D3428293B0A202020202020202020202020736D342E736D345F7365746B65795F646563286374782C206B65794279746573293B0A202020202020202020202020627974655B5D20646563727970746564203D20736D342E736D345F63727970745F656362286374782C204865782E4465636F6465286369706865725465787429293B0A20202020202020202020202072657475726E20456E636F64696E672E555446382E476574537472696E6728646563727970746564293B0A20202020202020207D0A0A20202020202020207075626C696320537472696E6720456E63727970745F43424328537472696E6720706C61696E54657874290A20202020202020207B0A202020202020202020202020534D345F436F6E7465787420637478203D206E657720534D345F436F6E7465787428293B0A2020202020202020202020206374782E697350616464696E67203D20747275653B0A2020202020202020202020206374782E6D6F6465203D20534D342E534D345F454E43525950543B0A0A202020202020202020202020627974655B5D206B657942797465733B0A202020202020202020202020627974655B5D20697642797465733B0A20202020202020202020202069662028686578537472696E67290A2020202020202020202020207B0A202020202020202020202020202020206B65794279746573203D204865782E4465636F6465287365637265744B6579293B0A2020202020202020202020202020202069764279746573203D204865782E4465636F6465286976293B0A2020202020202020202020207D0A202020202020202020202020656C73650A2020202020202020202020207B0A202020202020202020202020202020206B65794279746573203D20456E636F64696E672E44656661756C742E4765744279746573287365637265744B6579293B0A2020202020202020202020202020202069764279746573203D20456E636F64696E672E44656661756C742E4765744279746573286976293B0A2020202020202020202020207D0A0A202020202020202020202020534D3420736D34203D206E657720534D3428293B0A202020202020202020202020736D342E736D345F7365746B65795F656E63286374782C206B65794279746573293B0A202020202020202020202020627974655B5D20656E63727970746564203D20736D342E736D345F63727970745F636263286374782C20697642797465732C20456E636F64696E672E44656661756C742E476574427974657328706C61696E5465787429293B0A0A202020202020202020202020537472696E672063697068657254657874203D20456E636F64696E672E44656661756C742E476574537472696E67284865782E456E636F646528656E6372797074656429293B0A20202020202020202020202072657475726E20636970686572546578743B0A20202020202020207D0A0A20202020202020207075626C696320537472696E6720446563727970745F43424328537472696E672063697068657254657874290A20202020202020207B0A202020202020202020202020534D345F436F6E7465787420637478203D206E657720534D345F436F6E7465787428293B0A2020202020202020202020206374782E697350616464696E67203D20747275653B0A2020202020202020202020206374782E6D6F6465203D20534D342E534D345F444543525950543B0A0A202020202020202020202020627974655B5D206B657942797465733B0A202020202020202020202020627974655B5D20697642797465733B0A20202020202020202020202069662028686578537472696E67290A2020202020202020202020207B0A202020202020202020202020202020206B65794279746573203D204865782E4465636F6465287365637265744B6579293B0A2020202020202020202020202020202069764279746573203D204865782E4465636F6465286976293B0A2020202020202020202020207D0A202020202020202020202020656C73650A2020202020202020202020207B0A202020202020202020202020202020206B65794279746573203D20456E636F64696E672E44656661756C742E4765744279746573287365637265744B6579293B0A2020202020202020202020202020202069764279746573203D20456E636F64696E672E44656661756C742E4765744279746573286976293B0A2020202020202020202020207D0A0A202020202020202020202020534D3420736D34203D206E657720534D3428293B0A202020202020202020202020736D342E736D345F7365746B65795F646563286374782C206B65794279746573293B0A202020202020202020202020627974655B5D20646563727970746564203D20736D342E736D345F63727970745F636263286374782C20697642797465732C204865782E4465636F6465286369706865725465787429293B0A20202020202020202020202072657475726E20456E636F64696E672E44656661756C742E476574537472696E6728646563727970746564293B0A20202020202020207D0A0A20202020202020207075626C69632073746174696320737472696E6720476574536D3453747228737472696E6720696E7075742C20737472696E6720617070536563726574290A20202020202020207B0A2020202020202020202020207661722070617373776F7264203D20537472696E67546F486578537472696E6728617070536563726574292E537562737472696E6728302C203332293B0A202020202020202020202020534D345574696C7320736D34203D206E657720534D345574696C7328293B0A202020202020202020202020736D342E7365637265744B6579203D2070617373776F72643B0A202020202020202020202020736D342E686578537472696E67203D20747275653B0A202020202020202020202020737472696E672063697068657254657874203D20736D342E456E63727970745F45434228696E707574293B0A20202020202020202020202072657475726E20636970686572546578742E546F557070657228293B0A20202020202020207D0A0A20202020202020207075626C69632073746174696320737472696E6720476574536D3444656372707428737472696E6720696E7075742C20737472696E6720617070536563726574290A20202020202020207B0A2020202020202020202020207661722070617373776F7264203D20537472696E67546F486578537472696E6728617070536563726574292E537562737472696E6728302C203332293B0A202020202020202020202020534D345574696C7320736D34203D206E657720534D345574696C7328293B0A202020202020202020202020736D342E7365637265744B6579203D2070617373776F72643B0A202020202020202020202020736D342E686578537472696E67203D20747275653B0A0A202020202020202020202020737472696E672063697068657254657874203D20736D342E446563727970745F45434228696E707574293B0A20202020202020202020202072657475726E20636970686572546578743B0A20202020202020207D0A0A20202020202020207075626C69632073746174696320737472696E6720537472696E67546F486578537472696E6728737472696E672073290A20202020202020207B0A202020202020202020202020456E636F64696E6720656E636F6465203D20456E636F64696E672E555446383B0A202020202020202020202020627974655B5D2062203D20656E636F64652E47657442797465732873293B2F2FE68C89E785A7E68C87E5AE9AE7BC96E7A081E5B086737472696E67E7BC96E7A88BE5AD97E88A82E695B0E7BB840A202020202020202020202020737472696E6720726573756C74203D20737472696E672E456D7074793B0A202020202020202020202020666F722028696E742069203D20303B2069203C20622E4C656E6774683B20692B2B290A2020202020202020202020207B0A20202020202020202020202020202020726573756C74202B3D20436F6E766572742E546F537472696E6728625B695D2C203136293B2F2FE98090E5AD97E88A82E58F98E4B8BA3136E8BF9BE588B6E5AD97E7ACA60A202020202020202020202020202020202F2F726573756C74202B3D20222522202B20436F6E766572742E546F537472696E6728625B695D2C203136293B2F2FE98090E5AD97E88A82E58F98E4B8BA3136E8BF9BE588B6E5AD97E7ACA6EFBC8CE4BBA525E99A94E5BC800A2020202020202020202020207D0A20202020202020202020202072657475726E20726573756C743B0A20202020202020207D0A202020207D0A0A202020207075626C696320636C617373204865616C746843617264506172616D730A202020207B0A20202020202020207075626C696320737472696E67206D657373616765207B206765743B207365743B207D0A20202020202020207075626C696320737472696E672074696D657374616D70207B206765743B207365743B207D0A20202020202020207075626C696320737472696E672062697A5F636F6E74656E74207B206765743B207365743B207D0A20202020202020207075626C696320737472696E67207465726D5F6964207B206765743B207365743B207D0A20202020202020207075626C696320737472696E67206D6574686F64207B206765743B207365743B207D0A20202020202020207075626C696320737472696E67206170705F6964207B206765743B207365743B207D0A20202020202020207075626C696320737472696E6720646967657374207B206765743B207365743B207D0A20202020202020207075626C696320737472696E6720636F6465207B206765743B207365743B207D0A20202020202020207075626C696320737472696E67206469676573745F74797065207B206765743B207365743B207D0A20202020202020207075626C696320737472696E672076657273696F6E207B206765743B207365743B207D0A20202020202020207075626C696320737472696E6720656E635F74797065207B206765743B207365743B207D0A202020207D0A7D, '0');
INSERT INTO `file_template` VALUES ('36', '1', 'Lym', 'Common', '4', '文件夹', '2', '20', 'Common', 'Tools', '\0', null, '0');
INSERT INTO `file_template` VALUES ('37', '1', 'Lym', 'Common', '4', '类文件(.cs)', '1', '36', 'Tools', 'TemplateHelper.cs', '\0', 0x7573696E672052617A6F72456E67696E653B0A7573696E672052617A6F72456E67696E652E54656D706C6174696E673B0A7573696E672053797374656D3B0A7573696E672053797374656D2E436F6C6C656374696F6E732E47656E657269633B0A7573696E672053797374656D2E4C696E713B0A7573696E672053797374656D2E546872656164696E672E5461736B733B0A0A0A6E616D6573706163652040284D6F64656C2E50726F6A6563744E616D65292E436F6D6D6F6E2E546F6F6C730A7B0A202020207075626C696320636C6173732054656D706C61746548656C7065720A202020207B0A20202020202020207075626C696320636F6E737420737472696E6720456E746974794B6579203D20224C796D2E47656E6572617465223B0A20202020202020207075626C69632073746174696320737472696E67202047657454656D706C61746556616C75653C543E28737472696E67206B65792C737472696E672074656D706C6174652C54206D6F64656C29200A20202020202020207B0A20202020202020202020202076617220726573756C74203D20456E67696E652E52617A6F722E52756E436F6D70696C652874656D706C6174652C206B65792C206D6F64656C2E4765745479706528292C206D6F64656C293B0A20202020202020202020202072657475726E20726573756C743B0A20202020202020207D0A202020207D0A7D0A, '0');
INSERT INTO `file_template` VALUES ('38', '1', 'Lym', 'Common', '4', '工程文件(.csproj)', '3', '20', 'Common', 'Lym.Common.csproj', '\0', 0x3C50726F6A6563742053646B3D224D6963726F736F66742E4E45542E53646B223E0A0A20203C50726F706572747947726F75703E0A202020203C5461726765744672616D65776F726B3E6E6574636F7265617070332E313C2F5461726765744672616D65776F726B3E0A20203C2F50726F706572747947726F75703E0A0A20203C4974656D47726F75703E0A202020203C5061636B6167655265666572656E636520496E636C7564653D22426F756E6379436173746C65222056657273696F6E3D22312E382E3122202F3E0A202020203C5061636B6167655265666572656E636520496E636C7564653D22436F6E73756C222056657273696F6E3D22312E362E31302E3222202F3E0A202020203C5061636B6167655265666572656E636520496E636C7564653D224D6963726F736F66742E457874656E73696F6E732E436F6E66696775726174696F6E222056657273696F6E3D22352E302E3022202F3E0A202020203C5061636B6167655265666572656E636520496E636C7564653D224D6963726F736F66742E457874656E73696F6E732E436F6E66696775726174696F6E2E4162737472616374696F6E73222056657273696F6E3D22352E302E3022202F3E0A202020203C5061636B6167655265666572656E636520496E636C7564653D224D6963726F736F66742E457874656E73696F6E732E436F6E66696775726174696F6E2E42696E646572222056657273696F6E3D22352E302E3022202F3E0A202020203C5061636B6167655265666572656E636520496E636C7564653D224D6963726F736F66742E457874656E73696F6E732E436F6E66696775726174696F6E2E4A736F6E222056657273696F6E3D22352E302E3022202F3E0A202020203C5061636B6167655265666572656E636520496E636C7564653D224E616E6379222056657273696F6E3D22322E302E3022202F3E0A202020203C5061636B6167655265666572656E636520496E636C7564653D224E6577746F6E736F66742E4A736F6E222056657273696F6E3D2231332E302E3122202F3E0A202020203C5061636B6167655265666572656E636520496E636C7564653D2252617A6F72456E67696E652E4E6574436F7265222056657273696F6E3D22332E312E3022202F3E0A202020203C5061636B6167655265666572656E636520496E636C7564653D2253797374656D2E53656375726974792E43727970746F6772617068792E436E67222056657273696F6E3D22352E302E3022202F3E0A20203C2F4974656D47726F75703E0A0A3C2F50726F6A6563743E0A, '0');
INSERT INTO `file_template` VALUES ('39', '1', 'Lym', 'Core', '5', '文件夹', '2', '0', '', 'Core', '\0', null, '0');
INSERT INTO `file_template` VALUES ('40', '1', 'Lym', 'Core', '5', '文件夹', '2', '39', 'Core', '@(Model.DatabaseName)', '\0', null, '2');
INSERT INTO `file_template` VALUES ('41', '1', 'Lym', 'Core', '5', '类文件(.cs)', '1', '40', '@(Model.DatabaseName)', '@(Model.DatabaseName)Context.cs', '\0', 0x7573696E672040284D6F64656C2E50726F6A6563744E616D65292E436F6D6D6F6E2E48656C706572733B0A7573696E672053716C53756761723B0A7573696E672053797374656D3B0A7573696E672053797374656D2E436F6C6C656374696F6E732E47656E657269633B0A7573696E672053797374656D2E546578743B0A7573696E672053797374656D2E4C696E713B0A7573696E672040284D6F64656C2E50726F6A6563744E616D65292E4D6F64656C2E456E746974792E40284D6F64656C2E44617461626173654E616D65292E4D6F64656C3B0A7573696E672040284D6F64656C2E50726F6A6563744E616D65292E436F72652E52656469733B0A0A6E616D6573706163652040284D6F64656C2E50726F6A6563744E616D65292E436F72652E40284D6F64656C2E44617461626173654E616D65290A7B0A202020207075626C696320636C6173732040284D6F64656C2E44617461626173654E616D6529436F6E746578743C543E203A2053696D706C65436C69656E743C543E2077686572652054203A20636C6173732C206E657728290A202020207B0A20202020202020207075626C69632040284D6F64656C2E44617461626173654E616D6529436F6E74657874284953716C5375676172436C69656E7420636F6E74657874203D206E756C6C29203A206261736528636F6E74657874292F2FE6B3A8E6848FE8BF99E9878CE8A681E69C89E9BB98E8AEA4E580BCE7AD89E4BA8E6E756C6C0A20202020202020207B0A0A20202020202020202020202069662028636F6E74657874203D3D206E756C6C290A2020202020202020202020207B0A202020202020202020202020202020202F2FE88EB7E58F96E9858DE7BDAEE69687E4BBB6E695B0E68DAEE5BA93E9858DE7BDAEE4BFA1E681AF0A20202020202020202020202020202020766172206461746162617365436F6E6E656374696F6E203D2041707053657474696E67732E4765744461746162617365436F6E6E656374696F6E282240284D6F64656C2E44617461626173654E616D652922293B0A202020202020202020202020202020202F2FE4BB8EE5BA93E4BFA1E681AF0A2020202020202020202020202020202076617220736C617665436F6E6E656374696F6E4C697374203D206461746162617365436F6E6E656374696F6E2E536C617665436F6E6E656374696F6E537472696E674C6973742E53656C6563742861203D3E206E657720536C617665436F6E6E656374696F6E436F6E6669670A202020202020202020202020202020207B0A202020202020202020202020202020202020202048697452617465203D20612E486974526174652C0A2020202020202020202020202020202020202020436F6E6E656374696F6E537472696E67203D20612E436F6E6E656374696F6E537472696E670A202020202020202020202020202020207D292E546F4C69737428293B0A0A20202020202020202020202020202020626173652E436F6E74657874203D206E65772053716C5375676172436C69656E74286E657720436F6E6E656374696F6E436F6E66696728290A202020202020202020202020202020207B0A2020202020202020202020202020202020202020436F6E6E656374696F6E537472696E67203D206461746162617365436F6E6E656374696F6E2E436F6E6E656374696F6E537472696E672C0A2020202020202020202020202020202020202020446254797065203D2028446254797065296461746162617365436F6E6E656374696F6E2E4462547970652C0A202020202020202020202020202020202020202049734175746F436C6F7365436F6E6E656374696F6E203D20747275652C0A2020202020202020202020202020202020202020496E69744B657954797065203D20496E69744B6579547970652E4174747269627574652C0A2020202020202020202020202020202020202020436F6E66696775726545787465726E616C5365727669636573203D206E657720436F6E66696775726545787465726E616C536572766963657328290A20202020202020202020202020202020202020207B0A20202020202020202020202020202020202020202020202044617461496E666F436163686553657276696365203D206E6577205265646973436163686528290A20202020202020202020202020202020202020207D2C0A20202020202020202020202020202020202020204D6F726553657474696E6773203D206E657720436F6E6E4D6F726553657474696E677328290A20202020202020202020202020202020202020207B0A20202020202020202020202020202020202020202020202049734175746F52656D6F7665446174614361636865203D20747275650A20202020202020202020202020202020202020207D2C0A20202020202020202020202020202020202020202F2FE4BB8EE5BA930A2020202020202020202020202020202020202020536C617665436F6E6E656374696F6E436F6E66696773203D20736C617665436F6E6E656374696F6E4C6973740A202020202020202020202020202020207D293B0A2020202020202020202020207D0A20202020202020207D200A202020207D200A7D0A, '0');
INSERT INTO `file_template` VALUES ('42', '1', 'Lym', 'Core', '5', '文件夹', '2', '39', 'Core', 'Redis', '\0', null, '0');
INSERT INTO `file_template` VALUES ('43', '1', 'Lym', 'Core', '5', '类文件(.cs)', '1', '42', 'Redis', 'RedisCache.cs', '\0', 0x7573696E672053716C53756761723B0A7573696E672053797374656D3B0A7573696E672053797374656D2E436F6C6C656374696F6E732E47656E657269633B0A7573696E672053797374656D2E546578743B0A0A6E616D6573706163652040284D6F64656C2E50726F6A6563744E616D65292E436F72652E52656469730A7B0A202020207075626C696320636C6173732052656469734361636865203A20494361636865536572766963650A202020207B0A20202020202020207075626C696320766F6964204164643C563E28737472696E67206B65792C20562076616C7565290A20202020202020207B0A20202020202020202020202052656469735365727665722E43616368652E536574286B65792C2076616C7565293B0A20202020202020207D0A0A20202020202020207075626C696320766F6964204164643C563E28737472696E67206B65792C20562076616C75652C20696E742063616368654475726174696F6E496E5365636F6E6473290A20202020202020207B0A20202020202020202020202052656469735365727665722E43616368652E536574286B65792C2076616C75652C2063616368654475726174696F6E496E5365636F6E6473293B0A20202020202020207D0A0A20202020202020207075626C696320626F6F6C20436F6E7461696E734B65793C563E28737472696E67206B6579290A20202020202020207B0A20202020202020202020202072657475726E2052656469735365727665722E43616368652E457869737473286B6579293B0A20202020202020207D0A0A20202020202020207075626C69632056204765743C563E28737472696E67206B6579290A20202020202020207B0A20202020202020202020202072657475726E2052656469735365727665722E43616368652E4765743C563E286B6579293B0A20202020202020207D0A0A20202020202020207075626C69632049456E756D657261626C653C737472696E673E20476574416C6C4B65793C563E28290A20202020202020207B0A20202020202020202020202072657475726E2052656469735365727665722E43616368652E4B657973282243616368653A53716C53756761724461746143616368652E2A22293B0A20202020202020207D0A0A20202020202020207075626C69632056204765744F724372656174653C563E28737472696E672063616368654B65792C2046756E633C563E206372656174652C20696E742063616368654475726174696F6E496E5365636F6E6473203D20696E742E4D617856616C7565290A20202020202020207B0A20202020202020202020202069662028436F6E7461696E734B65793C563E2863616368654B657929290A2020202020202020202020207B0A2020202020202020202020202020202072657475726E204765743C563E2863616368654B6579293B0A2020202020202020202020207D0A202020202020202020202020656C73650A2020202020202020202020207B0A2020202020202020202020202020202076617220726573756C74203D2063726561746528293B0A202020202020202020202020202020204164642863616368654B65792C20726573756C742C2063616368654475726174696F6E496E5365636F6E6473293B0A2020202020202020202020202020202072657475726E20726573756C743B0A2020202020202020202020207D0A20202020202020207D0A0A20202020202020207075626C696320766F69642052656D6F76653C563E28737472696E67206B6579290A20202020202020207B0A20202020202020202020202052656469735365727665722E43616368652E44656C286B65792E52656D6F766528302C203629293B0A20202020202020207D0A202020207D0A7D0A, '0');
INSERT INTO `file_template` VALUES ('44', '1', 'Lym', 'Core', '5', '类文件(.cs)', '1', '42', 'Redis', 'RedisServer.cs', '\0', 0x7573696E6720435352656469733B0A7573696E67204C796D2E436F6D6D6F6E2E48656C706572733B0A7573696E672053797374656D3B0A7573696E672053797374656D2E436F6C6C656374696F6E732E47656E657269633B0A7573696E672053797374656D2E546578743B0A0A6E616D6573706163652040284D6F64656C2E50726F6A6563744E616D65292E436F72652E52656469730A7B0A202020207075626C69632073746174696320636C6173732052656469735365727665720A202020207B0A20202020202020207075626C6963207374617469632043535265646973436C69656E742043616368653B0A20202020202020207075626C6963207374617469632043535265646973436C69656E742053657175656E63653B0A20202020202020207075626C6963207374617469632043535265646973436C69656E742053657373696F6E3B0A0A20202020202020207075626C69632073746174696320766F696420496E6974616C697A6528290A20202020202020207B0A2020202020202020202020204361636865203D206E65772043535265646973436C69656E742841707053657474696E67732E436F6E66696775726174696F6E5B2252656469735365727665723A4361636865225D293B0A20202020202020202020202053657175656E6365203D206E65772043535265646973436C69656E742841707053657474696E67732E436F6E66696775726174696F6E5B2252656469735365727665723A53657175656E6365225D293B0A20202020202020202020202053657373696F6E203D206E65772043535265646973436C69656E742841707053657474696E67732E436F6E66696775726174696F6E5B2252656469735365727665723A53657373696F6E225D293B0A20202020202020207D0A202020207D0A7D0A, '0');
INSERT INTO `file_template` VALUES ('45', '1', 'Lym', 'Core', '5', '工程文件(.csproj)', '3', '39', 'Core', 'Lym.Core.csproj', '\0', 0x3C50726F6A6563742053646B3D224D6963726F736F66742E4E45542E53646B223E0A0A20203C50726F706572747947726F75703E0A202020203C5461726765744672616D65776F726B3E6E6574636F7265617070332E313C2F5461726765744672616D65776F726B3E0A20203C2F50726F706572747947726F75703E0A0A20203C4974656D47726F75703E0A202020203C5061636B6167655265666572656E636520496E636C7564653D2243535265646973436F7265222056657273696F6E3D22332E362E3622202F3E0A202020203C5061636B6167655265666572656E636520496E636C7564653D2253716C5375676172436F7265222056657273696F6E3D22352E302E332E3422202F3E0A20203C2F4974656D47726F75703E0A0A20203C4974656D47726F75703E0A202020203C50726F6A6563745265666572656E636520496E636C7564653D222E2E5C40284D6F64656C2E50726F6A6563744E616D65292E436F6D6D6F6E5C4C796D2E436F6D6D6F6E2E637370726F6A22202F3E0A202020203C50726F6A6563745265666572656E636520496E636C7564653D222E2E5C40284D6F64656C2E50726F6A6563744E616D65292E4D6F64656C5C4C796D2E4D6F64656C2E637370726F6A22202F3E0A20203C2F4974656D47726F75703E0A0A3C2F50726F6A6563743E0A, '0');
INSERT INTO `file_template` VALUES ('46', '1', 'Lym', 'Model', '6', '文件夹', '2', '0', '', 'Model', '\0', null, '0');
INSERT INTO `file_template` VALUES ('47', '1', 'Lym', 'Model', '6', '工程文件(.csproj)', '3', '46', 'Model', 'Lym.Model.csproj', '\0', 0x3C50726F6A6563742053646B3D224D6963726F736F66742E4E45542E53646B223E0A0A20203C50726F706572747947726F75703E0A202020203C5461726765744672616D65776F726B3E6E6574636F7265617070332E313C2F5461726765744672616D65776F726B3E0A20203C2F50726F706572747947726F75703E0A0A20203C4974656D47726F75703E0A202020203C5061636B6167655265666572656E636520496E636C7564653D2253716C5375676172436F7265222056657273696F6E3D22352E302E332E3422202F3E0A20203C2F4974656D47726F75703E0A0A3C2F50726F6A6563743E0A, '0');
INSERT INTO `file_template` VALUES ('48', '1', 'Lym', 'Model', '6', '文件夹', '2', '46', 'Model', 'ApiResult', '\0', null, '0');
INSERT INTO `file_template` VALUES ('49', '1', 'Lym', 'Model', '6', '类文件(.cs)', '1', '48', 'ApiResult', 'ApiResult.cs', '\0', 0x7573696E672053797374656D3B0A7573696E672053797374656D2E436F6C6C656374696F6E732E47656E657269633B0A7573696E672053797374656D2E546578743B0A0A6E616D6573706163652040284D6F64656C2E50726F6A6563744E616D65292E4D6F64656C2E417069526573756C740A7B0A202020202F2F2F203C73756D6D6172793E0A202020202F2F2F20E68EA5E58FA3E5908CE6848FE8BF94E59B9E0A202020202F2F2F203C2F73756D6D6172793E0A202020207075626C696320636C61737320417069526573756C740A202020207B0A20202020202020207075626C696320417069526573756C7428290A20202020202020207B0A20202020202020202020202068656164203D206E6577204865616428293B0A20202020202020207D0A20202020202020202F2F2F203C73756D6D6172793E0A20202020202020202F2F2F200A20202020202020202F2F2F203C2F73756D6D6172793E0A20202020202020207075626C696320486561642068656164207B206765743B207365743B207D0A20202020202020202F2F2F203C73756D6D6172793E0A20202020202020202F2F2F200A20202020202020202F2F2F203C2F73756D6D6172793E0A20202020202020207075626C6963206F626A6563742064617461207B206765743B207365743B207D0A202020207D0A0A202020207075626C696320636C61737320486561640A202020207B0A20202020202020202F2F2F203C73756D6D6172793E0A20202020202020202F2F2F200A20202020202020202F2F2F203C2F73756D6D6172793E0A20202020202020207075626C696320696E7420726573756C74636F6465207B206765743B207365743B207D203D20303B0A20202020202020202F2F2F203C73756D6D6172793E0A20202020202020202F2F2F200A20202020202020202F2F2F203C2F73756D6D6172793E0A20202020202020207075626C696320737472696E67206572726D7367207B206765743B207365743B207D0A0A20202020202020207075626C696320737472696E672054696D657374616D70207B206765743B207365743B207D203D204461746554696D654F66667365742E4E6F772E546F556E697854696D655365636F6E647328292E546F537472696E6728293B0A202020207D0A0A202020207075626C696320636C61737320417069526573756C743C543E203A20417069526573756C740A202020207B0A20202020202020202F2F2F203C73756D6D6172793E0A20202020202020202F2F2F20E68EA5E58FA3E8BF94E59B9EE580BC0A20202020202020202F2F2F203C2F73756D6D6172793E0A20202020202020207075626C696320542044617461207B206765743B207365743B207D0A0A202020207D0A7D0A, '0');
INSERT INTO `file_template` VALUES ('50', '1', 'Lym', 'Model', '6', '类文件(.cs)', '1', '48', 'ApiResult', 'DTReturnData.cs', '\0', 0x7573696E672053797374656D3B0A7573696E672053797374656D2E436F6C6C656374696F6E732E47656E657269633B0A7573696E672053797374656D2E4C696E713B0A7573696E672053797374656D2E546872656164696E672E5461736B733B0A0A6E616D6573706163652040284D6F64656C2E50726F6A6563744E616D65292E4D6F64656C2E417069526573756C740A7B0A202020205B53657269616C697A61626C655D0A202020207075626C696320636C61737320445452657475726E446174610A202020207B0A20202020202020207075626C696320696E7420636F6465207B206765743B207365743B207D0A20202020202020207075626C696320737472696E67206D7367207B206765743B207365743B207D0A20202020202020207075626C6963206F626A6563742064617461207B206765743B207365743B207D0A20202020202020207075626C696320696E7420636F756E74207B206765743B207365743B207D0A202020207D0A7D0A, '0');
INSERT INTO `file_template` VALUES ('51', '1', 'Lym', 'Model', '6', '类文件(.cs)', '1', '48', 'ApiResult', 'PagedInfo.cs', '\0', 0x7573696E672053797374656D3B0A7573696E672053797374656D2E436F6C6C656374696F6E732E47656E657269633B0A7573696E672053797374656D2E546578743B0A0A6E616D6573706163652040284D6F64656C2E50726F6A6563744E616D65292E4D6F64656C2E417069526573756C740A7B0A202020207075626C696320636C617373205061676564496E666F3C543E0A202020207B0A0A20202020202020202F2F2F203C73756D6D6172793E0A20202020202020202F2F2F20E58886E9A1B5E7B4A2E5BC950A20202020202020202F2F2F203C2F73756D6D6172793E0A20202020202020207075626C696320696E742050616765496E646578207B206765743B207365743B207D0A20202020202020202F2F2F203C73756D6D6172793E0A20202020202020202F2F2F20E58886E9A1B5E5A4A7E5B08F0A20202020202020202F2F2F203C2F73756D6D6172793E0A20202020202020207075626C696320696E74205061676553697A65207B206765743B207365743B207D0A20202020202020202F2F2F203C73756D6D6172793E0A20202020202020202F2F2F20E680BBE8AEB0E5BD95E695B00A20202020202020202F2F2F203C2F73756D6D6172793E0A20202020202020207075626C696320696E7420546F74616C436F756E74207B206765743B207365743B207D0A20202020202020202F2F2F203C73756D6D6172793E0A20202020202020202F2F2F20E680BBE9A1B5E695B00A20202020202020202F2F2F203C2F73756D6D6172793E0A20202020202020207075626C696320696E7420546F74616C5061676573207B206765743B207365743B207D0A0A20202020202020202F2F2F203C73756D6D6172793E0A20202020202020202F2F2F20E698AFE590A6E69C89E4B88AE4B880E9A1B50A20202020202020202F2F2F203C2F73756D6D6172793E0A20202020202020207075626C696320626F6F6C2048617350726576696F7573506167650A20202020202020207B0A202020202020202020202020676574207B2072657475726E2050616765496E646578203E20303B207D0A20202020202020207D0A20202020202020202F2F2F203C73756D6D6172793E0A20202020202020202F2F2F20E698AFE590A6E69C89E4B88BE4B880E9A1B50A20202020202020202F2F2F203C2F73756D6D6172793E0A20202020202020207075626C696320626F6F6C204861734E657874506167650A20202020202020207B0A202020202020202020202020676574207B2072657475726E2050616765496E646578202B2031203C20546F74616C50616765733B207D0A20202020202020207D0A0A20202020202020207075626C6963204C6973743C543E2044617461536F75726365207B206765743B207365743B207D0A0A20202020202020207075626C6963206F626A65637420546F74616C4669656C64207B206765743B207365743B207D0A202020207D0A7D0A, '0');
INSERT INTO `file_template` VALUES ('52', '1', 'Lym', 'Model', '6', '类文件(.cs)', '1', '48', 'ApiResult', 'PageParm.cs', '\0', 0x7573696E672053797374656D3B0A7573696E672053797374656D2E436F6C6C656374696F6E732E47656E657269633B0A7573696E672053797374656D2E546578743B0A0A6E616D6573706163652040284D6F64656C2E50726F6A6563744E616D65292E4D6F64656C2E417069526573756C740A7B0A202020207075626C696320636C61737320506167655061726D0A202020207B0A20202020202020202F2F2F203C73756D6D6172793E0A20202020202020202F2F2F20E5BD93E5898DE9A1B50A20202020202020202F2F2F203C2F73756D6D6172793E0A20202020202020207075626C696320696E742050616765496E646578207B206765743B207365743B207D203D20313B0A0A20202020202020202F2F2F203C73756D6D6172793E0A20202020202020202F2F2F20E6AF8FE9A1B5E680BBE69DA1E695B00A20202020202020202F2F2F203C2F73756D6D6172793E0A20202020202020207075626C696320696E74205061676553697A65207B206765743B207365743B207D203D2032303B0A0A20202020202020202F2F2F203C73756D6D6172793E0A20202020202020202F2F2F20E68E92E5BA8FE5AD97E6AEB50A20202020202020202F2F2F203C2F73756D6D6172793E0A20202020202020207075626C696320737472696E67204F726465724279207B206765743B207365743B207D0A0A20202020202020202F2F2F203C73756D6D6172793E0A20202020202020202F2F2F20E68E92E5BA8FE696B9E5BC8F0A20202020202020202F2F2F203C2F73756D6D6172793E0A20202020202020207075626C696320737472696E6720536F7274207B206765743B207365743B207D0A202020207D0A7D0A, '0');
INSERT INTO `file_template` VALUES ('53', '1', 'Lym', 'Model', '6', '文件夹', '2', '46', 'Model', 'Entity', '\0', null, '0');
INSERT INTO `file_template` VALUES ('54', '1', 'Lym', 'Model', '6', '文件夹', '2', '53', 'Entity', '@(Model.DatabaseName)', '\0', null, '2');
INSERT INTO `file_template` VALUES ('55', '1', 'Lym', 'Model', '6', '类文件(.cs)', '1', '54', '@(Model.DatabaseName)', '@(Model.TableName).cs', '\0', 0x7573696E672053797374656D3B0A7573696E672053797374656D2E436F6C6C656374696F6E732E47656E657269633B0A7573696E672053797374656D2E4C696E713B0A7573696E672053716C53756761723B0A6E616D6573706163652040284D6F64656C2E50726F6A6563744E616D65292E4D6F64656C2E456E746974792E40284D6F64656C2E44617461626173654E616D65290A7B0A202020202F2F2F203C73756D6D6172793E0A202020202F2F2F2040284D6F64656C2E4465736372697074696F6E290A202020202F2F2F3C2F73756D6D6172793E0A202020205B53756761725461626C65282240284D6F64656C2E44617461626173654E616D65292E40284D6F64656C2E5461626C654E616D652922295D0A202020207075626C696320636C6173732040284D6F64656C2E436C6173734E616D65290A202020207B0A40666F72656163682028766172206974656D20696E204D6F64656C2E50726F706572747947656E4C697374290A7B0A202020207661722069735072696D6172794B6579203D206974656D2E49735072696D6172794B6579203F20222C49735072696D6172794B6579203D207472756522203A2022223B0A202020207661722069734964656E74697479203D206974656D2E49734964656E74697479203F20222C49734964656E74697479203D207472756522203A2022223B0A2020202020202020403A2F2F2F203C73756D6D6172793E0A2020202020202020403A2F2F2F2040286974656D2E4465736372697074696F6E290A2020202020202020403A2F2F2F3C2F73756D6D6172793E0A2020202020202020403A205B5375676172436F6C756D6E28436F6C756D6E4E616D653D22406974656D2E4462436F6C756D6E4E616D652220402869735072696D6172794B65792920402869734964656E7469747929295D0A2020202020202020403A207075626C696320406974656D2E5479706520406974656D2E436C61737350726F7065724E616D657B206765743B207365743B207D0A202020207D0A202020207D0A7D0A, '3');
INSERT INTO `file_template` VALUES ('56', '1', 'Lym', 'Respository.Interface', '7', '文件夹', '2', '0', '', 'Respository.Interface', '\0', null, '0');
INSERT INTO `file_template` VALUES ('57', '1', 'Lym', 'Respository.Interface', '7', '文件夹', '2', '56', 'Respository.Interface', '@(Model.DatabaseName)', '\0', null, '2');
INSERT INTO `file_template` VALUES ('58', '1', 'Lym', 'Respository.Interface', '7', '类文件(.cs)', '1', '57', '@(Model.DatabaseName)', 'I@(Model.TableName)Repository.cs', '\0', 0x7573696E672040284D6F64656C2E50726F6A6563744E616D65292E42617365526573706F7369746F72793B0A7573696E6740284D6F64656C2E50726F6A6563744E616D65292E4D6F64656C732E456E746974792E436F646567656E65726174653B0A7573696E672053797374656D3B0A7573696E672053797374656D2E436F6C6C656374696F6E732E47656E657269633B0A7573696E672053797374656D2E546578743B0A0A6E616D6573706163652040284D6F64656C2E50726F6A6563744E616D65292E526573706F7369746F72792E496E746572666163652E40284D6F64656C2E44617461626173654E616D65290A7B0A202020207075626C696320696E74657266616365204940284D6F64656C2E5461626C654E616D65295265706F7369746F7279203A204942617365526573706F7369746F72793C40284D6F64656C2E5461626C654E616D65293E0A202020207B0A202020207D0A7D0A, '3');
INSERT INTO `file_template` VALUES ('59', '1', 'Lym', 'Respository.Service', '8', '文件夹', '2', '0', '', 'Respository.Service', '\0', null, '0');
INSERT INTO `file_template` VALUES ('60', '1', 'Lym', 'Respository.Service', '8', '文件夹', '2', '59', 'Respository.Service', '@(Model.DatabaseName)', '\0', null, '2');
INSERT INTO `file_template` VALUES ('61', '1', 'Lym', 'Respository.Service', '8', '类文件(.cs)', '1', '60', '@(Model.DatabaseName)', '@(Model.TableName)Repository.cs', '\0', 0x7573696E672040284D6F64656C2E50726F6A6563744E616D65292E42617365526573706F7369746F72792E44617461626173654F6E653B0A7573696E672040284D6F64656C2E50726F6A6563744E616D65292E4D6F64656C732E456E746974792E436F646567656E65726174653B0A7573696E672040284D6F64656C2E50726F6A6563744E616D65292E526573706F7369746F72792E496E746572666163652E436F646547656E65726174653B0A7573696E672053797374656D3B0A7573696E672053797374656D2E436F6C6C656374696F6E732E47656E657269633B0A7573696E672053797374656D2E546578743B0A0A6E616D6573706163652040284D6F64656C2E50726F6A6563744E616D65292E526573706F7369746F72792E536572766963652E40284D6F64656C2E5461626C654E616D65290A7B0A2020207075626C696320636C6173732040284D6F64656C2E5461626C654E616D65295265706F7369746F7279203A204261736540284D6F64656C2E5461626C654E616D6529526573706F7369746F72793C40284D6F64656C2E5461626C654E616D65293E2C204940284D6F64656C2E5461626C654E616D65295265706F7369746F72790A202020207B0A202020207D0A7D0A, '3');
INSERT INTO `file_template` VALUES ('62', '1', 'Lym', 'Respository.Interface', '7', '工程文件(.csproj)', '3', '56', 'Respository.Interface', '@(Model.ProjectName).Respository.Service.csproj', '\0', 0x3C50726F6A6563742053646B3D224D6963726F736F66742E4E45542E53646B223E0A0A20203C50726F706572747947726F75703E0A202020203C5461726765744672616D65776F726B3E6E6574636F7265617070332E313C2F5461726765744672616D65776F726B3E0A20203C2F50726F706572747947726F75703E0A0A20203C4974656D47726F75703E0A202020203C50726F6A6563745265666572656E636520496E636C7564653D222E2E5C40284D6F64656C2E50726F6A6563744E616D65292E42617365526573706F7369746F72795C40284D6F64656C2E50726F6A6563744E616D65292E42617365526573706F7369746F72792E637370726F6A22202F3E0A20203C2F4974656D47726F75703E0A0A3C2F50726F6A6563743E0A, '0');
INSERT INTO `file_template` VALUES ('63', '1', 'Lym', 'Respository.Service', '8', '工程文件(.csproj)', '3', '59', 'Respository.Service', '@(Model.ProjectName).Respository.Service.csproj', '\0', 0x3C50726F6A6563742053646B3D224D6963726F736F66742E4E45542E53646B223E0A0A20203C50726F706572747947726F75703E0A202020203C5461726765744672616D65776F726B3E6E6574636F7265617070332E313C2F5461726765744672616D65776F726B3E0A202020203C417373656D626C794E616D653E40284D6F64656C2E50726F6A6563744E616D65292E526573706F7369746F72792E536572766963653C2F417373656D626C794E616D653E0A20203C2F50726F706572747947726F75703E0A0A20203C4974656D47726F75703E0A202020203C50726F6A6563745265666572656E636520496E636C7564653D222E2E5C40284D6F64656C2E50726F6A6563744E616D65292E42617365526573706F7369746F72795C40284D6F64656C2E50726F6A6563744E616D65292E42617365526573706F7369746F72792E637370726F6A22202F3E0A202020203C50726F6A6563745265666572656E636520496E636C7564653D222E2E5C40284D6F64656C2E50726F6A6563744E616D65292E526573706F7369746F72792E496E746572666163655C40284D6F64656C2E50726F6A6563744E616D65292E526573706F7369746F72792E496E746572666163652E637370726F6A22202F3E0A20203C2F4974656D47726F75703E0A0A3C2F50726F6A6563743E0A, '0');

-- ----------------------------
-- Table structure for generatetype
-- ----------------------------
DROP TABLE IF EXISTS `generatetype`;
CREATE TABLE `generatetype` (
  `Id` int(11) NOT NULL AUTO_INCREMENT,
  `GenerateTypeName` varchar(255) DEFAULT NULL,
  PRIMARY KEY (`Id`)
) ENGINE=InnoDB AUTO_INCREMENT=4 DEFAULT CHARSET=utf8;

-- ----------------------------
-- Records of generatetype
-- ----------------------------
INSERT INTO `generatetype` VALUES ('1', '项目');
INSERT INTO `generatetype` VALUES ('2', '数据库');
INSERT INTO `generatetype` VALUES ('3', '模型');

-- ----------------------------
-- Table structure for menu
-- ----------------------------
DROP TABLE IF EXISTS `menu`;
CREATE TABLE `menu` (
  `Id` int(11) NOT NULL AUTO_INCREMENT,
  `ParentId` int(11) NOT NULL,
  `Icon` varchar(255) COLLATE utf8_bin DEFAULT NULL,
  `MenuName` varchar(255) COLLATE utf8_bin NOT NULL,
  `Url` varchar(255) COLLATE utf8_bin DEFAULT NULL,
  PRIMARY KEY (`Id`) USING BTREE
) ENGINE=InnoDB AUTO_INCREMENT=27 DEFAULT CHARSET=utf8 COLLATE=utf8_bin ROW_FORMAT=DYNAMIC COMMENT='菜单';

-- ----------------------------
-- Records of menu
-- ----------------------------
INSERT INTO `menu` VALUES ('1', '0', 'fa fa-edit', 'WebFirst', null);
INSERT INTO `menu` VALUES ('2', '1', null, '配置数据库 √', '/');
INSERT INTO `menu` VALUES ('3', '1', null, 'CodeFirst √', '/CodeFirst');
INSERT INTO `menu` VALUES ('4', '1', null, 'DbFirst √', '/DbFirst');
INSERT INTO `menu` VALUES ('5', '1', null, '配置业务 ×', '/BIZ');
INSERT INTO `menu` VALUES ('6', '1', null, '配置Web ×', '/Web');
INSERT INTO `menu` VALUES ('7', '1', null, '模版管理 √', '/Template');
INSERT INTO `menu` VALUES ('8', '1', null, '方案管理 √', '/Project');
INSERT INTO `menu` VALUES ('9', '1', null, '文件管理 √', '/FileInfo');
INSERT INTO `menu` VALUES ('10', '1', null, '解决方案 ×', '/Solution');
INSERT INTO `menu` VALUES ('11', '1', null, '数据类型 √', '/CodeType');
INSERT INTO `menu` VALUES ('12', '0', 'fa fa-bar-chart-o', '模版管理中心', null);
INSERT INTO `menu` VALUES ('13', '12', null, '项目模板管理', '/FileTemplate');
INSERT INTO `menu` VALUES ('14', '12', null, '待定2', null);
INSERT INTO `menu` VALUES ('15', '0', 'fa fa-bar-chart-o', '快速生成项目', null);
INSERT INTO `menu` VALUES ('16', '15', null, 'Application', '/ApplicationTemplate');
INSERT INTO `menu` VALUES ('17', '15', null, 'BaseRespository', '/BaseRespositoryCode');
INSERT INTO `menu` VALUES ('18', '15', null, 'Business', null);
INSERT INTO `menu` VALUES ('19', '15', null, 'Common', null);
INSERT INTO `menu` VALUES ('20', '15', null, 'Core', null);
INSERT INTO `menu` VALUES ('21', '15', null, 'Model', null);
INSERT INTO `menu` VALUES ('22', '15', null, 'Respository.Interface', null);
INSERT INTO `menu` VALUES ('23', '15', null, 'Respository.Service', null);
INSERT INTO `menu` VALUES ('24', '15', null, 'WebApi', null);
INSERT INTO `menu` VALUES ('25', '15', null, 'WebAdmin', null);
INSERT INTO `menu` VALUES ('26', '15', null, '待定2', null);

-- ----------------------------
-- Table structure for project
-- ----------------------------
DROP TABLE IF EXISTS `project`;
CREATE TABLE `project` (
  `Id` int(11) NOT NULL AUTO_INCREMENT,
  `TemplateId1` varchar(255) COLLATE utf8_bin NOT NULL,
  `Path` varchar(255) COLLATE utf8_bin NOT NULL,
  `FileInfo` varchar(255) COLLATE utf8_bin DEFAULT NULL,
  `FileModel` varchar(255) COLLATE utf8_bin DEFAULT NULL,
  `Sort` int(11) NOT NULL,
  `IsDeleted` bit(1) NOT NULL,
  `ModelId` int(11) NOT NULL,
  `FileSuffix` varchar(255) COLLATE utf8_bin NOT NULL,
  `ProjentName` varchar(255) COLLATE utf8_bin NOT NULL,
  PRIMARY KEY (`Id`) USING BTREE
) ENGINE=InnoDB AUTO_INCREMENT=2 DEFAULT CHARSET=utf8 COLLATE=utf8_bin ROW_FORMAT=DYNAMIC;

-- ----------------------------
-- Records of project
-- ----------------------------
INSERT INTO `project` VALUES ('1', '1', 'C:\\suagrdemo\\database', null, null, '0', '\0', '1', '.cs', 'SqlSugar');

-- ----------------------------
-- Table structure for template
-- ----------------------------
DROP TABLE IF EXISTS `template`;
CREATE TABLE `template` (
  `Id` int(11) NOT NULL AUTO_INCREMENT,
  `Title` varchar(255) COLLATE utf8_bin NOT NULL,
  `TemplateTypeId` int(11) NOT NULL,
  `Content` text COLLATE utf8_bin NOT NULL,
  `TemplateTypeName` varchar(255) COLLATE utf8_bin NOT NULL,
  `Sort` int(11) NOT NULL,
  `ChangeTime` datetime NOT NULL,
  `IsDeleted` bit(1) NOT NULL,
  PRIMARY KEY (`Id`) USING BTREE
) ENGINE=InnoDB AUTO_INCREMENT=3 DEFAULT CHARSET=utf8 COLLATE=utf8_bin ROW_FORMAT=DYNAMIC;

-- ----------------------------
-- Records of template
-- ----------------------------
INSERT INTO `template` VALUES ('1', 'QT实体模版', '1', 0x7573696E672053797374656D3B0D0A7573696E672053797374656D2E436F6C6C656374696F6E732E47656E657269633B0D0A7573696E672053797374656D2E4C696E713B0D0A7573696E672053716C53756761723B0D0A6E616D657370616365204C796D2E4D6F64656C732E456E746974792E40284D6F64656C2E44617461626173654E616D65290D0A7B0D0A202020202F2F2F203C73756D6D6172793E0D0A202020202F2F2F2040284D6F64656C2E4465736372697074696F6E290D0A202020202F2F2F3C2F73756D6D6172793E0D0A202020205B53756761725461626C65282240284D6F64656C2E44617461626173654E616D65292E40284D6F64656C2E5461626C654E616D652922295D0D0A202020207075626C696320636C6173732040284D6F64656C2E436C6173734E616D65290D0A202020207B0D0A40666F72656163682028766172206974656D20696E204D6F64656C2E50726F706572747947656E73290D0A7B0D0A202020207661722069735072696D6172794B6579203D206974656D2E49735072696D6172794B6579203F20222C49735072696D6172794B6579203D207472756522203A2022223B0D0A202020207661722069734964656E74697479203D206974656D2E49734964656E74697479203F20222C49734964656E74697479203D207472756522203A2022223B0D0A2020202020202020403A2F2F2F203C73756D6D6172793E0D0A2020202020202020403A2F2F2F2040286974656D2E4465736372697074696F6E290D0A2020202020202020403A2F2F2F3C2F73756D6D6172793E0D0A2020202020202020403A205B5375676172436F6C756D6E28436F6C756D6E4E616D653D22406974656D2E4462436F6C756D6E4E616D652220402869735072696D6172794B65792920402869734964656E7469747929295D0D0A2020202020202020403A207075626C696320406974656D2E5479706520406974656D2E50726F70657274794E616D65207B206765743B207365743B207D0D0A202020207D0D0A202020207D0D0A7D0D0A, '实体', '0', '2021-08-03 23:27:10', '\0');
INSERT INTO `template` VALUES ('2', '111', '2', 0x7573696E672053797374656D3B0D0A7573696E672053797374656D2E436F6C6C656374696F6E732E47656E657269633B0D0A7573696E672053797374656D2E494F3B0D0A7573696E672053797374656D2E4C696E713B0D0A7573696E672053797374656D2E546578743B0D0A7573696E672053797374656D2E546872656164696E672E5461736B733B0D0A0D0A6E616D6573706163652040284D6F64656C2E50726F6A6563744E616D65292E436F6D6D6F6E2E48656C706572730D0A7B200D0A202020207075626C696320636C6173732046696C6548656C7065720D0A202020207B0D0A202020202020202023726567696F6E20E88EB7E58F96E69687E4BBB6E8B7AFE5B9B6E887AAE58AA8E5889BE5BBBAE79BAEE5BD950D0A20202020202020202F2F2F203C73756D6D6172793E0D0A20202020202020202F2F2F20E6A0B9E68DAEE69687E4BBB6E79BAEE5BD95E38081E7BC96E58FB7E38081E69687E4BBB6E5908DE7949FE68890E69687E4BBB6E8B7AFE5BE84EFBC8CE5B9B6E4B894E5889BE5BBBAE69687E4BBB6E5AD98E694BEE79BAEE5BD950D0A20202020202020202F2F2F20E6A0BCE5BC8FE4B8BA3A2F6469726563746F72792F636F64652F66696C656E616D650D0A20202020202020202F2F2F203C2F73756D6D6172793E0D0A20202020202020202F2F2F203C74797065706172616D206E616D653D2254223E3C2F74797065706172616D3E0D0A20202020202020202F2F2F203C706172616D206E616D653D226469726563746F7279223E3C2F706172616D3E0D0A20202020202020202F2F2F203C706172616D206E616D653D22636F6465223E3C2F706172616D3E0D0A20202020202020202F2F2F203C706172616D206E616D653D2266696C654E616D65223E3C2F706172616D3E0D0A20202020202020202F2F2F203C72657475726E733E3C2F72657475726E733E0D0A20202020202020207075626C696320737472696E672047657446696550617468416E644372656174654469726563746F72794279436F64653C543E28737472696E67206469726563746F72792C205420636F64652C20737472696E672066696C654E616D65290D0A20202020202020207B0D0A202020202020202020202020696620286469726563746F7279203D3D206E756C6C290D0A2020202020202020202020207B0D0A202020202020202020202020202020207468726F77206E657720417267756D656E744E756C6C457863657074696F6E282246696C6553756761722E476574437265617465506174682E6469726563746F727922293B0D0A2020202020202020202020207D0D0A2020202020202020202020206469726563746F7279203D206469726563746F72792E5472696D456E6428272F27293B0D0A202020202020202020202020737472696E672070617468203D206E657720537472696E674275696C64657228227B307D2F2F7B317D2F2F7B327D22292E417070656E64466F726D6174286469726563746F72792C20636F64652C2066696C654E616D65292E546F537472696E6728293B0D0A2020202020202020202020206469726563746F7279203D20506174682E4765744469726563746F72794E616D652870617468293B0D0A2020202020202020202020206966202821497345786973744469726563746F7279286469726563746F727929290D0A2020202020202020202020207B0D0A202020202020202020202020202020204372656174654469726563746F7279286469726563746F7279293B0D0A2020202020202020202020207D0D0A20202020202020202020202072657475726E20706174683B0D0A20202020202020207D0D0A20202020202020202F2F2F203C73756D6D6172793E0D0A20202020202020202F2F2F20E6A0B9E68DAEE69687E4BBB6E79BAEE5BD95E38081E697A5E69C9FE38081E69687E4BBB6E5908DE7949FE68890E69687E4BBB6E8B7AFE5BE84EFBC8CE5B9B6E4B894E5889BE5BBBAE69687E4BBB6E5AD98E694BEE79BAEE5BD950D0A20202020202020202F2F2F20E6A0BCE5BC8FE4B8BA3A2F6469726563746F72792F323031352F30312F30312F66696C656E616D650D0A20202020202020202F2F2F203C2F73756D6D6172793E0D0A20202020202020202F2F2F203C74797065706172616D206E616D653D2254223E3C2F74797065706172616D3E0D0A20202020202020202F2F2F203C706172616D206E616D653D226469726563746F7279223E3C2F706172616D3E0D0A20202020202020202F2F2F203C706172616D206E616D653D22636F6465223E3C2F706172616D3E0D0A20202020202020202F2F2F203C706172616D206E616D653D2266696C654E616D65223E3C2F706172616D3E0D0A20202020202020202F2F2F203C72657475726E733E3C2F72657475726E733E0D0A20202020202020207075626C696320737472696E672047657446696550617468416E644372656174654469726563746F72794279446174653C543E28737472696E67206469726563746F72792C20737472696E672066696C654E616D65290D0A20202020202020207B0D0A202020202020202020202020696620286469726563746F7279203D3D206E756C6C290D0A2020202020202020202020207B0D0A202020202020202020202020202020207468726F77206E657720417267756D656E744E756C6C457863657074696F6E282246696C6553756761722E476574437265617465506174682E6469726563746F727922293B0D0A2020202020202020202020207D0D0A2020202020202020202020206469726563746F7279203D206469726563746F72792E5472696D456E6428272F27293B0D0A202020202020202020202020737472696E672070617468203D206E657720537472696E674275696C64657228227B307D2F2F7B317D2F2F7B327D2F2F7B337D2F2F7B347D22292E417070656E64466F726D6174286469726563746F72792C204461746554696D652E4E6F772E596561722C204461746554696D652E4E6F772E4D6F6E74682C204461746554696D652E4E6F772E4461792C2066696C654E616D65292E546F537472696E6728293B0D0A2020202020202020202020206469726563746F7279203D20506174682E4765744469726563746F72794E616D652870617468293B0D0A2020202020202020202020206966202821497345786973744469726563746F7279286469726563746F727929290D0A2020202020202020202020207B0D0A202020202020202020202020202020204372656174654469726563746F7279286469726563746F7279293B0D0A2020202020202020202020207D0D0A20202020202020202020202072657475726E20706174683B0D0A20202020202020207D0D0A202020202020202023656E64726567696F6E0D0A202020202020202023726567696F6E20E88EB7E58F96E7BCA9E795A5E59BBEE5908DE7A7B00D0A20202020202020207075626C69632073746174696320737472696E67204765744D696E50696328737472696E672066696C656E616D652C20696E7420696E646578290D0A20202020202020207B0D0A202020202020202020202020737472696E6720737472203D2022223B0D0A20202020202020202020202069662028737472696E672E49734E756C6C4F72456D7074792866696C656E616D6529290D0A2020202020202020202020202020202072657475726E207374723B0D0A202020202020202020202020696E74206E4C617374446F74203D2066696C656E616D652E4C617374496E6465784F6628222E22293B0D0A202020202020202020202020696620286E4C617374446F74203D3D202D31290D0A2020202020202020202020202020202072657475726E207374723B0D0A202020202020202020202020737472203D2066696C656E616D652E537562737472696E6728302C206E4C617374446F7429202B20225F22202B20696E6465782E546F537472696E672829202B2066696C656E616D652E537562737472696E67286E4C617374446F742C2066696C656E616D652E4C656E677468202D206E4C617374446F74293B0D0A20202020202020202020202069662028696E646578203D3D202D31290D0A2020202020202020202020207B0D0A20202020202020202020202020202020737472203D2066696C656E616D652E537562737472696E6728302C206E4C617374446F7429202B2066696C656E616D652E537562737472696E67286E4C617374446F742C2066696C656E616D652E4C656E677468202D206E4C617374446F74293B0D0A2020202020202020202020207D0D0A20202020202020202020202072657475726E207374723B0D0A20202020202020207D0D0A20202020202020202F2F2F203C73756D6D6172793E0D0A20202020202020202F2F2F20E88EB7E58F96E7BCA9E795A5E59BBEE78987E8B7AFE5BE840D0A20202020202020202F2F2F203C2F73756D6D6172793E0D0A20202020202020202F2F2F203C706172616D206E616D653D22646972223E3C2F706172616D3E0D0A20202020202020202F2F2F203C706172616D206E616D653D2266696C656E616D65223E3C2F706172616D3E0D0A20202020202020202F2F2F203C706172616D206E616D653D22696E646578223E3C2F706172616D3E0D0A20202020202020202F2F2F203C72657475726E733E3C2F72657475726E733E0D0A20202020202020207075626C69632073746174696320737472696E67204765744D696E50696328737472696E67206469722C20737472696E672066696C656E616D652C20696E7420696E646578290D0A20202020202020207B0D0A20202020202020202020202069662028737472696E672E49734E756C6C4F72456D7074792866696C656E616D6529290D0A2020202020202020202020202020202072657475726E2022223B0D0A20202020202020202020202069662028696E646578203C2030290D0A20202020202020202020202020202020696E646578203D20303B0D0A202020202020202020202020737472696E67206D696E506963203D20737472696E672E456D7074793B0D0A2020202020202020202020206D696E506963203D20737472696E672E466F726D617428227B307D5F7B317D7B327D222C20506174682E47657446696C654E616D65576974686F7574457874656E73696F6E2866696C656E616D65292C20696E6465782C20506174682E476574457874656E73696F6E2866696C656E616D6529293B0D0A2020202020202020202020206966202821737472696E672E49734E756C6C4F72456D7074792864697229290D0A202020202020202020202020202020206D696E506963203D20506174682E436F6D62696E65286469722C206D696E506963293B0D0A20202020202020202020202072657475726E206D696E5069633B0D0A20202020202020207D0D0A202020202020202023656E64726567696F6E0D0A202020202020202023726567696F6E20E5AD97E6AEB5E5AE9AE4B9890D0A20202020202020202F2F2F203C73756D6D6172793E0D0A20202020202020202F2F2F20E5908CE6ADA5E6A087E8AF860D0A20202020202020202F2F2F203C2F73756D6D6172793E0D0A20202020202020207072697661746520737461746963204F626A6563742073796E63203D206E6577206F626A65637428293B0D0A202020202020202023656E64726567696F6E0D0A202020202020202023726567696F6E20E6A380E6B58BE68C87E5AE9AE79BAEE5BD95E698AFE590A6E5AD98E59CA80D0A20202020202020202F2F2F203C73756D6D6172793E0D0A20202020202020202F2F2F20E6A380E6B58BE68C87E5AE9AE79BAEE5BD95E698AFE590A6E5AD98E59CA80D0A20202020202020202F2F2F203C2F73756D6D6172793E0D0A20202020202020202F2F2F203C706172616D206E616D653D226469726563746F727950617468223EE79BAEE5BD95E79A84E7BB9DE5AFB9E8B7AFE5BE843C2F706172616D3E20202020202020200D0A20202020202020207075626C69632073746174696320626F6F6C20497345786973744469726563746F727928737472696E67206469726563746F727950617468290D0A20202020202020207B0D0A20202020202020202020202072657475726E204469726563746F72792E457869737473286469726563746F727950617468293B0D0A20202020202020207D0D0A202020202020202023656E64726567696F6E0D0A202020202020202023726567696F6E20E6A380E6B58BE68C87E5AE9AE69687E4BBB6E698AFE590A6E5AD98E59CA80D0A20202020202020202F2F2F203C73756D6D6172793E0D0A20202020202020202F2F2F20E6A380E6B58BE68C87E5AE9AE69687E4BBB6E698AFE590A6E5AD98E59CA82CE5A682E69E9CE5AD98E59CA8E58899E8BF94E59B9E74727565E380820D0A20202020202020202F2F2F203C2F73756D6D6172793E0D0A20202020202020202F2F2F203C706172616D206E616D653D2266696C6550617468223EE69687E4BBB6E79A84E7BB9DE5AFB9E8B7AFE5BE843C2F706172616D3E20202020202020200D0A20202020202020207075626C69632073746174696320626F6F6C204973457869737446696C6528737472696E672066696C6550617468290D0A20202020202020207B0D0A20202020202020202020202072657475726E2046696C652E4578697374732866696C6550617468293B0D0A20202020202020207D0D0A202020202020202023656E64726567696F6E0D0A202020202020202023726567696F6E20E6A380E6B58BE68C87E5AE9AE79BAEE5BD95E698AFE590A6E4B8BAE7A9BA0D0A20202020202020202F2F2F203C73756D6D6172793E0D0A20202020202020202F2F2F20E6A380E6B58BE68C87E5AE9AE79BAEE5BD95E698AFE590A6E4B8BAE7A9BA0D0A20202020202020202F2F2F203C2F73756D6D6172793E0D0A20202020202020202F2F2F203C706172616D206E616D653D226469726563746F727950617468223EE68C87E5AE9AE79BAEE5BD95E79A84E7BB9DE5AFB9E8B7AFE5BE843C2F706172616D3E20202020202020200D0A20202020202020207075626C69632073746174696320626F6F6C204973456D7074794469726563746F727928737472696E67206469726563746F727950617468290D0A20202020202020207B0D0A2020202020202020202020207472790D0A2020202020202020202020207B0D0A202020202020202020202020202020202F2FE588A4E696ADE698AFE590A6E5AD98E59CA8E69687E4BBB60D0A20202020202020202020202020202020737472696E675B5D2066696C654E616D6573203D2047657446696C654E616D6573286469726563746F727950617468293B0D0A202020202020202020202020202020206966202866696C654E616D65732E4C656E677468203E2030290D0A202020202020202020202020202020207B0D0A202020202020202020202020202020202020202072657475726E2066616C73653B0D0A202020202020202020202020202020207D0D0A202020202020202020202020202020202F2FE588A4E696ADE698AFE590A6E5AD98E59CA8E69687E4BBB6E5A4B90D0A20202020202020202020202020202020737472696E675B5D206469726563746F72794E616D6573203D204765744469726563746F72696573286469726563746F727950617468293B0D0A20202020202020202020202020202020696620286469726563746F72794E616D65732E4C656E677468203E2030290D0A202020202020202020202020202020207B0D0A202020202020202020202020202020202020202072657475726E2066616C73653B0D0A202020202020202020202020202020207D0D0A2020202020202020202020202020202072657475726E20747275653B0D0A2020202020202020202020207D0D0A20202020202020202020202063617463682028457863657074696F6E206578290D0A2020202020202020202020207B0D0A202020202020202020202020202020207468726F772065783B0D0A2020202020202020202020207D0D0A20202020202020207D0D0A202020202020202023656E64726567696F6E0D0A202020202020202023726567696F6E20E6A380E6B58BE68C87E5AE9AE79BAEE5BD95E4B8ADE698AFE590A6E5AD98E59CA8E68C87E5AE9AE79A84E69687E4BBB60D0A20202020202020202F2F2F203C73756D6D6172793E0D0A20202020202020202F2F2F20E6A380E6B58BE68C87E5AE9AE79BAEE5BD95E4B8ADE698AFE590A6E5AD98E59CA8E68C87E5AE9AE79A84E69687E4BBB62CE88BA5E8A681E6909CE7B4A2E5AD90E79BAEE5BD95E8AFB7E4BDBFE794A8E9878DE8BDBDE696B9E6B3952E0D0A20202020202020202F2F2F203C2F73756D6D6172793E0D0A20202020202020202F2F2F203C706172616D206E616D653D226469726563746F727950617468223EE68C87E5AE9AE79BAEE5BD95E79A84E7BB9DE5AFB9E8B7AFE5BE843C2F706172616D3E0D0A20202020202020202F2F2F203C706172616D206E616D653D227365617263685061747465726E223EE6A8A1E5BC8FE5AD97E7ACA6E4B8B2EFBC8C222A22E4BBA3E8A1A830E688964EE4B8AAE5AD97E7ACA6EFBC8C223F22E4BBA3E8A1A831E4B8AAE5AD97E7ACA6E380820D0A20202020202020202F2F2F20E88C83E4BE8BEFBC9A224C6F672A2E786D6C22E8A1A8E7A4BAE6909CE7B4A2E68980E69C89E4BBA54C6F67E5BC80E5A4B4E79A84586D6CE69687E4BBB6E380823C2F706172616D3E20202020202020200D0A20202020202020207075626C69632073746174696320626F6F6C20436F6E7461696E7328737472696E67206469726563746F7279506174682C20737472696E67207365617263685061747465726E290D0A20202020202020207B0D0A2020202020202020202020207472790D0A2020202020202020202020207B0D0A202020202020202020202020202020202F2FE88EB7E58F96E68C87E5AE9AE79A84E69687E4BBB6E58897E8A1A80D0A20202020202020202020202020202020737472696E675B5D2066696C654E616D6573203D2047657446696C654E616D6573286469726563746F7279506174682C207365617263685061747465726E2C2066616C7365293B0D0A202020202020202020202020202020202F2FE588A4E696ADE68C87E5AE9AE69687E4BBB6E698AFE590A6E5AD98E59CA80D0A202020202020202020202020202020206966202866696C654E616D65732E4C656E677468203D3D2030290D0A202020202020202020202020202020207B0D0A202020202020202020202020202020202020202072657475726E2066616C73653B0D0A202020202020202020202020202020207D0D0A20202020202020202020202020202020656C73650D0A202020202020202020202020202020207B0D0A202020202020202020202020202020202020202072657475726E20747275653B0D0A202020202020202020202020202020207D0D0A2020202020202020202020207D0D0A20202020202020202020202063617463682028457863657074696F6E206578290D0A2020202020202020202020207B0D0A202020202020202020202020202020207468726F772065783B0D0A2020202020202020202020207D0D0A20202020202020207D0D0A20202020202020202F2F2F203C73756D6D6172793E0D0A20202020202020202F2F2F20E6A380E6B58BE68C87E5AE9AE79BAEE5BD95E4B8ADE698AFE590A6E5AD98E59CA8E68C87E5AE9AE79A84E69687E4BBB60D0A20202020202020202F2F2F203C2F73756D6D6172793E0D0A20202020202020202F2F2F203C706172616D206E616D653D226469726563746F727950617468223EE68C87E5AE9AE79BAEE5BD95E79A84E7BB9DE5AFB9E8B7AFE5BE843C2F706172616D3E0D0A20202020202020202F2F2F203C706172616D206E616D653D227365617263685061747465726E223EE6A8A1E5BC8FE5AD97E7ACA6E4B8B2EFBC8C222A22E4BBA3E8A1A830E688964EE4B8AAE5AD97E7ACA6EFBC8C223F22E4BBA3E8A1A831E4B8AAE5AD97E7ACA6E380820D0A20202020202020202F2F2F20E88C83E4BE8BEFBC9A224C6F672A2E786D6C22E8A1A8E7A4BAE6909CE7B4A2E68980E69C89E4BBA54C6F67E5BC80E5A4B4E79A84586D6CE69687E4BBB6E380823C2F706172616D3E200D0A20202020202020202F2F2F203C706172616D206E616D653D2269735365617263684368696C64223EE698AFE590A6E6909CE7B4A2E5AD90E79BAEE5BD953C2F706172616D3E0D0A20202020202020207075626C69632073746174696320626F6F6C20436F6E7461696E7328737472696E67206469726563746F7279506174682C20737472696E67207365617263685061747465726E2C20626F6F6C2069735365617263684368696C64290D0A20202020202020207B0D0A2020202020202020202020207472790D0A2020202020202020202020207B0D0A202020202020202020202020202020202F2FE88EB7E58F96E68C87E5AE9AE79A84E69687E4BBB6E58897E8A1A80D0A20202020202020202020202020202020737472696E675B5D2066696C654E616D6573203D2047657446696C654E616D6573286469726563746F7279506174682C207365617263685061747465726E2C2074727565293B0D0A202020202020202020202020202020202F2FE588A4E696ADE68C87E5AE9AE69687E4BBB6E698AFE590A6E5AD98E59CA80D0A202020202020202020202020202020206966202866696C654E616D65732E4C656E677468203D3D2030290D0A202020202020202020202020202020207B0D0A202020202020202020202020202020202020202072657475726E2066616C73653B0D0A202020202020202020202020202020207D0D0A20202020202020202020202020202020656C73650D0A202020202020202020202020202020207B0D0A202020202020202020202020202020202020202072657475726E20747275653B0D0A202020202020202020202020202020207D0D0A2020202020202020202020207D0D0A20202020202020202020202063617463682028457863657074696F6E206578290D0A2020202020202020202020207B0D0A202020202020202020202020202020207468726F772065783B0D0A2020202020202020202020207D0D0A20202020202020207D0D0A202020202020202023656E64726567696F6E0D0A202020202020202023726567696F6E20E5889BE5BBBAE4B880E4B8AAE79BAEE5BD950D0A20202020202020202F2F2F203C73756D6D6172793E0D0A20202020202020202F2F2F20E5889BE5BBBAE4B880E4B8AAE79BAEE5BD950D0A20202020202020202F2F2F203C2F73756D6D6172793E0D0A20202020202020202F2F2F203C706172616D206E616D653D226469726563746F727950617468223EE79BAEE5BD95E79A84E7BB9DE5AFB9E8B7AFE5BE843C2F706172616D3E0D0A20202020202020207075626C69632073746174696320766F6964204372656174654469726563746F727928737472696E67206469726563746F727950617468290D0A20202020202020207B0D0A2020202020202020202020202F2FE5A682E69E9CE79BAEE5BD95E4B88DE5AD98E59CA8E58899E5889BE5BBBAE8AFA5E79BAEE5BD950D0A2020202020202020202020206966202821497345786973744469726563746F7279286469726563746F72795061746829290D0A2020202020202020202020207B0D0A202020202020202020202020202020204469726563746F72792E4372656174654469726563746F7279286469726563746F727950617468293B0D0A2020202020202020202020207D0D0A20202020202020207D0D0A202020202020202023656E64726567696F6E0D0A202020202020202023726567696F6E20E5889BE5BBBAE6968720E4BBB60D0A20202020202020202F2F2F203C73756D6D6172793E0D0A20202020202020202F2F2F20E5889BE5BBBAE4B880E4B8AAE69687E4BBB60D0A20202020202020202F2F2F203C2F73756D6D6172793E0D0A20202020202020202F2F2F203C706172616D206E616D653D2266696C6550617468223EE69687E4BBB6E79A84E7BB9DE5AFB9E8B7AFE5BE843C2F706172616D3E0D0A20202020202020207075626C69632073746174696320766F69642043726561746546696C6528737472696E672066696C6550617468290D0A20202020202020207B0D0A2020202020202020202020207472790D0A2020202020202020202020207B0D0A202020202020202020202020202020202F2FE5A682E69E9CE69687E4BBB6E4B88DE5AD98E59CA8E58899E5889BE5BBBAE8AFA5E69687E4BBB60D0A2020202020202020202020202020202069662028214973457869737446696C652866696C655061746829290D0A202020202020202020202020202020207B0D0A20202020202020202020202020202020202020202F2FE88EB7E58F96E69687E4BBB6E79BAEE5BD95E8B7AFE5BE840D0A2020202020202020202020202020202020202020737472696E67206469726563746F727950617468203D204765744469726563746F727946726F6D46696C65506174682866696C6550617468293B0D0A20202020202020202020202020202020202020202F2FE5A682E69E9CE69687E4BBB6E79A84E79BAEE5BD95E4B88DE5AD98E59CA8EFBC8CE58899E5889BE5BBBAE79BAEE5BD950D0A20202020202020202020202020202020202020204372656174654469726563746F7279286469726563746F727950617468293B0D0A20202020202020202020202020202020202020206C6F636B202873796E63290D0A20202020202020202020202020202020202020207B0D0A2020202020202020202020202020202020202020202020202F2FE5889BE5BBBAE69687E4BBB620202020202020202020202020202020202020200D0A2020202020202020202020202020202020202020202020207573696E67202846696C6553747265616D206673203D206E65772046696C6553747265616D2866696C65506174682C2046696C654D6F64652E4F70656E4F7243726561746529290D0A2020202020202020202020202020202020202020202020207B0D0A2020202020202020202020202020202020202020202020207D0D0A20202020202020202020202020202020202020207D0D0A202020202020202020202020202020207D0D0A2020202020202020202020207D0D0A20202020202020202020202063617463680D0A2020202020202020202020207B0D0A2020202020202020202020207D0D0A20202020202020207D0D0A202020202020202023656E64726567696F6E0D0A202020202020202023726567696F6E20E5889BE5BBBAE4B880E4B8AAE69687E4BBB62CE5B9B6E5B086E5AD97E88A82E6B581E58699E585A5E69687E4BBB60D0A20202020202020202F2F2F203C73756D6D6172793E0D0A20202020202020202F2F2F20E5889BE5BBBAE4B880E4B8AAE69687E4BBB62CE5B9B6E5B086E5AD97E88A82E6B581E58699E585A5E69687E4BBB6E380820D0A20202020202020202F2F2F203C2F73756D6D6172793E0D0A20202020202020202F2F2F203C706172616D206E616D653D2266696C6550617468223EE69687E4BBB6E79A84E7BB9DE5AFB9E8B7AFE5BE843C2F706172616D3E0D0A20202020202020202F2F2F203C706172616D206E616D653D22627566666572223EE4BA8CE8BF9BE588B6E6B581E695B0E68DAE3C2F706172616D3E0D0A20202020202020207075626C69632073746174696320766F69642043726561746546696C6528737472696E672066696C65506174682C20627974655B5D20627566666572290D0A20202020202020207B0D0A2020202020202020202020207472790D0A2020202020202020202020207B0D0A202020202020202020202020202020202F2FE5A682E69E9CE69687E4BBB6E4B88DE5AD98E59CA8E58899E5889BE5BBBAE8AFA5E69687E4BBB60D0A2020202020202020202020202020202069662028214973457869737446696C652866696C655061746829290D0A202020202020202020202020202020207B0D0A20202020202020202020202020202020202020202F2FE88EB7E58F96E69687E4BBB6E79BAEE5BD95E8B7AFE5BE840D0A2020202020202020202020202020202020202020737472696E67206469726563746F727950617468203D204765744469726563746F727946726F6D46696C65506174682866696C6550617468293B0D0A20202020202020202020202020202020202020202F2FE5A682E69E9CE69687E4BBB6E79A84E79BAEE5BD95E4B88DE5AD98E59CA8EFBC8CE58899E5889BE5BBBAE79BAEE5BD950D0A20202020202020202020202020202020202020204372656174654469726563746F7279286469726563746F727950617468293B0D0A20202020202020202020202020202020202020202F2FE5889BE5BBBAE4B880E4B8AA46696C65496E666FE5AFB9E8B1A10D0A202020202020202020202020202020202020202053797374656D2E494F2E46696C65496E666F2066696C65203D206E65772053797374656D2E494F2E46696C65496E666F2866696C6550617468293B0D0A20202020202020202020202020202020202020202F2FE5889BE5BBBAE69687E4BBB60D0A20202020202020202020202020202020202020207573696E67202846696C6553747265616D206673203D2066696C652E4372656174652829290D0A20202020202020202020202020202020202020207B0D0A2020202020202020202020202020202020202020202020202F2FE58699E585A5E4BA8CE8BF9BE588B6E6B5810D0A20202020202020202020202020202020202020202020202066732E5772697465286275666665722C20302C206275666665722E4C656E677468293B0D0A20202020202020202020202020202020202020207D0D0A202020202020202020202020202020207D0D0A2020202020202020202020207D0D0A20202020202020202020202063617463680D0A2020202020202020202020207B0D0A2020202020202020202020207D0D0A20202020202020207D0D0A202020202020202023656E64726567696F6E0D0A202020202020202023726567696F6E20E5889BE5BBBAE4B880E4B8AAE69687E4BBB62CE5B9B6E5B086E5AD97E7ACA6E4B8B2E58699E585A5E69687E4BBB60D0A202020202020202023726567696F6E20E9878DE8BDBD310D0A20202020202020202F2F2F203C73756D6D6172793E0D0A20202020202020202F2F2F20E5889BE5BBBAE4B880E4B8AAE69687E4BBB62CE5B9B6E5B086E5AD97E7ACA6E4B8B2E58699E585A5E69687E4BBB6E380820D0A20202020202020202F2F2F203C2F73756D6D6172793E0D0A20202020202020202F2F2F203C706172616D206E616D653D2266696C6550617468223EE69687E4BBB6E79A84E7BB9DE5AFB9E8B7AFE5BE843C2F706172616D3E0D0A20202020202020202F2F2F203C706172616D206E616D653D2274657874223EE5AD97E7ACA6E4B8B2E695B0E68DAE3C2F706172616D3E0D0A20202020202020207075626C69632073746174696320766F69642043726561746546696C6528737472696E672066696C65506174682C20737472696E672074657874290D0A20202020202020207B0D0A20202020202020202020202043726561746546696C652866696C65506174682C20746578742C20456E636F64696E672E55544638293B0D0A20202020202020207D0D0A202020202020202023656E64726567696F6E0D0A202020202020202023726567696F6E20E9878DE8BDBD320D0A20202020202020202F2F2F203C73756D6D6172793E0D0A20202020202020202F2F2F20E5889BE5BBBAE4B880E4B8AAE69687E4BBB62CE5B9B6E5B086E5AD97E7ACA6E4B8B2E58699E585A5E69687E4BBB6E380820D0A20202020202020202F2F2F203C2F73756D6D6172793E0D0A20202020202020202F2F2F203C706172616D206E616D653D2266696C6550617468223EE69687E4BBB6E79A84E7BB9DE5AFB9E8B7AFE5BE843C2F706172616D3E0D0A20202020202020202F2F2F203C706172616D206E616D653D2274657874223EE5AD97E7ACA6E4B8B2E695B0E68DAE3C2F706172616D3E0D0A20202020202020202F2F2F203C706172616D206E616D653D22656E636F64696E67223EE5AD97E7ACA6E7BC96E7A0813C2F706172616D3E0D0A20202020202020207075626C69632073746174696320766F69642043726561746546696C6528737472696E672066696C65506174682C20737472696E6720746578742C20456E636F64696E6720656E636F64696E67290D0A20202020202020207B0D0A2020202020202020202020207472790D0A2020202020202020202020207B0D0A202020202020202020202020202020202F2FE5A682E69E9CE69687E4BBB6E4B88DE5AD98E59CA8E58899E5889BE5BBBAE8AFA5E69687E4BBB60D0A2020202020202020202020202020202069662028214973457869737446696C652866696C655061746829290D0A202020202020202020202020202020207B0D0A20202020202020202020202020202020202020202F2FE88EB7E58F96E69687E4BBB6E79BAEE5BD95E8B7AFE5BE840D0A2020202020202020202020202020202020202020737472696E67206469726563746F727950617468203D204765744469726563746F727946726F6D46696C65506174682866696C6550617468293B0D0A20202020202020202020202020202020202020202F2FE5A682E69E9CE69687E4BBB6E79A84E79BAEE5BD95E4B88DE5AD98E59CA8EFBC8CE58899E5889BE5BBBAE79BAEE5BD950D0A20202020202020202020202020202020202020204372656174654469726563746F7279286469726563746F727950617468293B0D0A20202020202020202020202020202020202020202F2FE5889BE5BBBAE69687E4BBB60D0A202020202020202020202020202020202020202053797374656D2E494F2E46696C65496E666F2066696C65203D206E65772053797374656D2E494F2E46696C65496E666F2866696C6550617468293B0D0A20202020202020202020202020202020202020207573696E67202846696C6553747265616D2073747265616D203D2066696C652E4372656174652829290D0A20202020202020202020202020202020202020207B0D0A2020202020202020202020202020202020202020202020207573696E67202853747265616D57726974657220777269746572203D206E65772053747265616D5772697465722873747265616D2C20656E636F64696E6729290D0A2020202020202020202020202020202020202020202020207B0D0A202020202020202020202020202020202020202020202020202020202F2FE58699E585A5E5AD97E7ACA6E4B8B220202020200D0A202020202020202020202020202020202020202020202020202020207772697465722E57726974652874657874293B0D0A202020202020202020202020202020202020202020202020202020202F2FE8BE93E587BA0D0A202020202020202020202020202020202020202020202020202020207772697465722E466C75736828293B0D0A2020202020202020202020202020202020202020202020207D0D0A20202020202020202020202020202020202020207D0D0A202020202020202020202020202020207D0D0A2020202020202020202020207D0D0A20202020202020202020202063617463680D0A2020202020202020202020207B0D0A2020202020202020202020207D0D0A20202020202020207D0D0A202020202020202023656E64726567696F6E0D0A202020202020202023656E64726567696F6E0D0A202020202020202023726567696F6E20E4BB8EE69687E4BBB6E7BB9DE5AFB9E8B7AFE5BE84E4B8ADE88EB7E58F96E79BAEE5BD95E8B7AFE5BE840D0A20202020202020202F2F2F203C73756D6D6172793E0D0A20202020202020202F2F2F20E4BB8EE69687E4BBB6E7BB9DE5AFB9E8B7AFE5BE84E4B8ADE88EB7E58F96E79BAEE5BD95E8B7AFE5BE840D0A20202020202020202F2F2F203C2F73756D6D6172793E0D0A20202020202020202F2F2F203C706172616D206E616D653D2266696C6550617468223EE69687E4BBB6E79A84E7BB9DE5AFB9E8B7AFE5BE843C2F706172616D3E0D0A20202020202020207075626C69632073746174696320737472696E67204765744469726563746F727946726F6D46696C655061746828737472696E672066696C6550617468290D0A20202020202020207B0D0A2020202020202020202020202F2FE5AE9EE4BE8BE58C96E69687E4BBB60D0A20202020202020202020202053797374656D2E494F2E46696C65496E666F2066696C65203D206E65772053797374656D2E494F2E46696C65496E666F2866696C6550617468293B0D0A2020202020202020202020202F2FE88EB7E58F96E79BAEE5BD95E4BFA1E681AF0D0A2020202020202020202020204469726563746F7279496E666F206469726563746F7279203D2066696C652E4469726563746F72793B0D0A2020202020202020202020202F2FE8BF94E59B9EE79BAEE5BD95E8B7AFE5BE840D0A20202020202020202020202072657475726E206469726563746F72792E46756C6C4E616D653B0D0A20202020202020207D0D0A202020202020202023656E64726567696F6E0D0A202020202020202023726567696F6E20E88EB7E58F96E69687E69CACE69687E4BBB6E79A84E8A18CE695B00D0A20202020202020202F2F2F203C73756D6D6172793E0D0A20202020202020202F2F2F20E88EB7E58F96E69687E69CACE69687E4BBB6E79A84E8A18CE695B00D0A20202020202020202F2F2F203C2F73756D6D6172793E0D0A20202020202020202F2F2F203C706172616D206E616D653D2266696C6550617468223EE69687E4BBB6E79A84E7BB9DE5AFB9E8B7AFE5BE843C2F706172616D3E20202020202020200D0A20202020202020207075626C69632073746174696320696E74204765744C696E65436F756E7428737472696E672066696C6550617468290D0A20202020202020207B0D0A2020202020202020202020202F2FE5889BE5BBBAE6B581E8AFBBE58F96E599A80D0A2020202020202020202020207573696E67202853747265616D52656164657220726561646572203D206E65772053747265616D5265616465722866696C655061746829290D0A2020202020202020202020207B0D0A202020202020202020202020202020202F2FE8A18CE695B00D0A20202020202020202020202020202020696E742069203D20303B0D0A202020202020202020202020202020207768696C65202874727565290D0A202020202020202020202020202020207B0D0A20202020202020202020202020202020202020202F2FE5A682E69E9CE8AFBBE58F96E588B0E58685E5AEB9E5B0B1E68A8AE8A18CE695B0E58AA0310D0A2020202020202020202020202020202020202020696620287265616465722E526561644C696E65282920213D206E756C6C290D0A20202020202020202020202020202020202020207B0D0A202020202020202020202020202020202020202020202020692B2B3B0D0A20202020202020202020202020202020202020207D0D0A2020202020202020202020202020202020202020656C73650D0A20202020202020202020202020202020202020207B0D0A202020202020202020202020202020202020202020202020627265616B3B0D0A20202020202020202020202020202020202020207D0D0A202020202020202020202020202020207D0D0A202020202020202020202020202020202F2FE8BF94E59B9EE8A18CE695B00D0A2020202020202020202020202020202072657475726E20693B0D0A2020202020202020202020207D0D0A20202020202020207D0D0A202020202020202023656E64726567696F6E0D0A202020202020202023726567696F6E20E88EB7E58F96E4B880E4B8AAE69687E4BBB6E79A84E995BFE5BAA60D0A20202020202020202F2F2F203C73756D6D6172793E0D0A20202020202020202F2F2F20E88EB7E58F96E4B880E4B8AAE69687E4BBB6E79A84E995BFE5BAA62CE58D95E4BD8DE4B8BA427974650D0A20202020202020202F2F2F203C2F73756D6D6172793E0D0A20202020202020202F2F2F203C706172616D206E616D653D2266696C6550617468223EE69687E4BBB6E79A84E7BB9DE5AFB9E8B7AFE5BE843C2F706172616D3E20202020202020200D0A20202020202020207075626C69632073746174696320696E742047657446696C6553697A6528737472696E672066696C6550617468290D0A20202020202020207B0D0A2020202020202020202020202F2FE5889BE5BBBAE4B880E4B8AAE69687E4BBB6E5AFB9E8B1A10D0A20202020202020202020202053797374656D2E494F2E46696C65496E666F206669203D206E65772053797374656D2E494F2E46696C65496E666F2866696C6550617468293B0D0A2020202020202020202020202F2FE88EB7E58F96E69687E4BBB6E79A84E5A4A7E5B08F0D0A20202020202020202020202072657475726E2028696E742966692E4C656E6774683B0D0A20202020202020207D0D0A20202020202020202F2F2F203C73756D6D6172793E0D0A20202020202020202F2F2F20E88EB7E58F96E4B880E4B8AAE69687E4BBB6E79A84E995BFE5BAA62CE58D95E4BD8DE4B8BA4B420D0A20202020202020202F2F2F203C2F73756D6D6172793E0D0A20202020202020202F2F2F203C706172616D206E616D653D2266696C6550617468223EE69687E4BBB6E79A84E8B7AFE5BE843C2F706172616D3E20202020202020200D0A20202020202020207075626C69632073746174696320646F75626C652047657446696C6553697A6542794B4228737472696E672066696C6550617468290D0A20202020202020207B0D0A2020202020202020202020202F2FE5889BE5BBBAE4B880E4B8AAE69687E4BBB6E5AFB9E8B1A10D0A20202020202020202020202053797374656D2E494F2E46696C65496E666F206669203D206E65772053797374656D2E494F2E46696C65496E666F2866696C6550617468293B0D0A2020202020202020202020202F2FE88EB7E58F96E69687E4BBB6E79A84E5A4A7E5B08F0D0A20202020202020202020202072657475726E20436F6E766572742E546F446F75626C6528436F6E766572742E546F446F75626C652866692E4C656E67746829202F2031303234293B0D0A20202020202020207D0D0A20202020202020202F2F2F203C73756D6D6172793E0D0A20202020202020202F2F2F20E88EB7E58F96E4B880E4B8AAE69687E4BBB6E79A84E995BFE5BAA62CE58D95E4BD8DE4B8BA4D420D0A20202020202020202F2F2F203C2F73756D6D6172793E0D0A20202020202020202F2F2F203C706172616D206E616D653D2266696C6550617468223EE69687E4BBB6E79A84E8B7AFE5BE843C2F706172616D3E20202020202020200D0A20202020202020207075626C69632073746174696320646F75626C652047657446696C6553697A6542794D4228737472696E672066696C6550617468290D0A20202020202020207B0D0A2020202020202020202020202F2FE5889BE5BBBAE4B880E4B8AAE69687E4BBB6E5AFB9E8B1A10D0A20202020202020202020202053797374656D2E494F2E46696C65496E666F206669203D206E65772053797374656D2E494F2E46696C65496E666F2866696C6550617468293B0D0A2020202020202020202020202F2FE88EB7E58F96E69687E4BBB6E79A84E5A4A7E5B08F0D0A20202020202020202020202072657475726E20436F6E766572742E546F446F75626C6528436F6E766572742E546F446F75626C652866692E4C656E67746829202F2031303234202F2031303234293B0D0A20202020202020207D0D0A202020202020202023656E64726567696F6E0D0A202020202020202023726567696F6E20E88EB7E58F96E68C87E5AE9AE79BAEE5BD95E4B8ADE79A84E69687E4BBB6E58897E8A1A80D0A20202020202020202F2F2F203C73756D6D6172793E0D0A20202020202020202F2F2F20E88EB7E58F96E68C87E5AE9AE79BAEE5BD95E4B8ADE68980E69C89E69687E4BBB6E58897E8A1A80D0A20202020202020202F2F2F203C2F73756D6D6172793E0D0A20202020202020202F2F2F203C706172616D206E616D653D226469726563746F727950617468223EE68C87E5AE9AE79BAEE5BD95E79A84E7BB9DE5AFB9E8B7AFE5BE843C2F706172616D3E20202020202020200D0A20202020202020207075626C69632073746174696320737472696E675B5D2047657446696C654E616D657328737472696E67206469726563746F727950617468290D0A20202020202020207B0D0A2020202020202020202020202F2FE5A682E69E9CE79BAEE5BD95E4B88DE5AD98E59CA8EFBC8CE58899E68A9BE587BAE5BC82E5B8B80D0A2020202020202020202020206966202821497345786973744469726563746F7279286469726563746F72795061746829290D0A2020202020202020202020207B0D0A202020202020202020202020202020207468726F77206E65772046696C654E6F74466F756E64457863657074696F6E28293B0D0A2020202020202020202020207D0D0A2020202020202020202020202F2FE88EB7E58F96E69687E4BBB6E58897E8A1A80D0A20202020202020202020202072657475726E204469726563746F72792E47657446696C6573286469726563746F727950617468293B0D0A20202020202020207D0D0A20202020202020202F2F2F203C73756D6D6172793E0D0A20202020202020202F2F2F20E88EB7E58F96E68C87E5AE9AE79BAEE5BD95E58F8AE5AD90E79BAEE5BD95E4B8ADE68980E69C89E69687E4BBB6E58897E8A1A80D0A20202020202020202F2F2F203C2F73756D6D6172793E0D0A20202020202020202F2F2F203C706172616D206E616D653D226469726563746F727950617468223EE68C87E5AE9AE79BAEE5BD95E79A84E7BB9DE5AFB9E8B7AFE5BE843C2F706172616D3E0D0A20202020202020202F2F2F203C706172616D206E616D653D227365617263685061747465726E223EE6A8A1E5BC8FE5AD97E7ACA6E4B8B2EFBC8C222A22E4BBA3E8A1A830E688964EE4B8AAE5AD97E7ACA6EFBC8C223F22E4BBA3E8A1A831E4B8AAE5AD97E7ACA6E380820D0A20202020202020202F2F2F20E88C83E4BE8BEFBC9A224C6F672A2E786D6C22E8A1A8E7A4BAE6909CE7B4A2E68980E69C89E4BBA54C6F67E5BC80E5A4B4E79A84586D6CE69687E4BBB6E380823C2F706172616D3E0D0A20202020202020202F2F2F203C706172616D206E616D653D2269735365617263684368696C64223EE698AFE590A6E6909CE7B4A2E5AD90E79BAEE5BD953C2F706172616D3E0D0A20202020202020207075626C69632073746174696320737472696E675B5D2047657446696C654E616D657328737472696E67206469726563746F7279506174682C20737472696E67207365617263685061747465726E2C20626F6F6C2069735365617263684368696C64290D0A20202020202020207B0D0A2020202020202020202020202F2FE5A682E69E9CE79BAEE5BD95E4B88DE5AD98E59CA8EFBC8CE58899E68A9BE587BAE5BC82E5B8B80D0A2020202020202020202020206966202821497345786973744469726563746F7279286469726563746F72795061746829290D0A2020202020202020202020207B0D0A202020202020202020202020202020207468726F77206E65772046696C654E6F74466F756E64457863657074696F6E28293B0D0A2020202020202020202020207D0D0A2020202020202020202020207472790D0A2020202020202020202020207B0D0A202020202020202020202020202020206966202869735365617263684368696C64290D0A202020202020202020202020202020207B0D0A202020202020202020202020202020202020202072657475726E204469726563746F72792E47657446696C6573286469726563746F7279506174682C207365617263685061747465726E2C205365617263684F7074696F6E2E416C6C4469726563746F72696573293B0D0A202020202020202020202020202020207D0D0A20202020202020202020202020202020656C73650D0A202020202020202020202020202020207B0D0A202020202020202020202020202020202020202072657475726E204469726563746F72792E47657446696C6573286469726563746F7279506174682C207365617263685061747465726E2C205365617263684F7074696F6E2E546F704469726563746F72794F6E6C79293B0D0A202020202020202020202020202020207D0D0A2020202020202020202020207D0D0A20202020202020202020202063617463682028494F457863657074696F6E206578290D0A2020202020202020202020207B0D0A202020202020202020202020202020207468726F772065783B0D0A2020202020202020202020207D0D0A20202020202020207D0D0A202020202020202023656E64726567696F6E0D0A202020202020202023726567696F6E20E88EB7E58F96E68C87E5AE9AE79BAEE5BD95E4B8ADE79A84E5AD90E79BAEE5BD95E58897E8A1A80D0A20202020202020202F2F2F203C73756D6D6172793E0D0A20202020202020202F2F2F20E88EB7E58F96E68C87E5AE9AE79BAEE5BD95E4B8ADE68980E69C89E5AD90E79BAEE5BD95E58897E8A1A82CE88BA5E8A681E6909CE7B4A2E5B58CE5A597E79A84E5AD90E79BAEE5BD95E58897E8A1A82CE8AFB7E4BDBFE794A8E9878DE8BDBDE696B9E6B3952E0D0A20202020202020202F2F2F203C2F73756D6D6172793E0D0A20202020202020202F2F2F203C706172616D206E616D653D226469726563746F727950617468223EE68C87E5AE9AE79BAEE5BD95E79A84E7BB9DE5AFB9E8B7AFE5BE843C2F706172616D3E20202020202020200D0A20202020202020207075626C69632073746174696320737472696E675B5D204765744469726563746F7269657328737472696E67206469726563746F727950617468290D0A20202020202020207B0D0A2020202020202020202020207472790D0A2020202020202020202020207B0D0A2020202020202020202020202020202072657475726E204469726563746F72792E4765744469726563746F72696573286469726563746F727950617468293B0D0A2020202020202020202020207D0D0A20202020202020202020202063617463682028494F457863657074696F6E206578290D0A2020202020202020202020207B0D0A202020202020202020202020202020207468726F772065783B0D0A2020202020202020202020207D0D0A20202020202020207D0D0A20202020202020202F2F2F203C73756D6D6172793E0D0A20202020202020202F2F2F20E88EB7E58F96E68C87E5AE9AE79BAEE5BD95E58F8AE5AD90E79BAEE5BD95E4B8ADE68980E69C89E5AD90E79BAEE5BD95E58897E8A1A80D0A20202020202020202F2F2F203C2F73756D6D6172793E0D0A20202020202020202F2F2F203C706172616D206E616D653D226469726563746F727950617468223EE68C87E5AE9AE79BAEE5BD95E79A84E7BB9DE5AFB9E8B7AFE5BE843C2F706172616D3E0D0A20202020202020202F2F2F203C706172616D206E616D653D227365617263685061747465726E223EE6A8A1E5BC8FE5AD97E7ACA6E4B8B2EFBC8C222A22E4BBA3E8A1A830E688964EE4B8AAE5AD97E7ACA6EFBC8C223F22E4BBA3E8A1A831E4B8AAE5AD97E7ACA6E380820D0A20202020202020202F2F2F20E88C83E4BE8BEFBC9A224C6F672A2E786D6C22E8A1A8E7A4BAE6909CE7B4A2E68980E69C89E4BBA54C6F67E5BC80E5A4B4E79A84586D6CE69687E4BBB6E380823C2F706172616D3E0D0A20202020202020202F2F2F203C706172616D206E616D653D2269735365617263684368696C64223EE698AFE590A6E6909CE7B4A2E5AD90E79BAEE5BD953C2F706172616D3E0D0A20202020202020207075626C69632073746174696320737472696E675B5D204765744469726563746F7269657328737472696E67206469726563746F7279506174682C20737472696E67207365617263685061747465726E2C20626F6F6C2069735365617263684368696C64290D0A20202020202020207B0D0A2020202020202020202020207472790D0A2020202020202020202020207B0D0A202020202020202020202020202020206966202869735365617263684368696C64290D0A202020202020202020202020202020207B0D0A202020202020202020202020202020202020202072657475726E204469726563746F72792E4765744469726563746F72696573286469726563746F7279506174682C207365617263685061747465726E2C205365617263684F7074696F6E2E416C6C4469726563746F72696573293B0D0A202020202020202020202020202020207D0D0A20202020202020202020202020202020656C73650D0A202020202020202020202020202020207B0D0A202020202020202020202020202020202020202072657475726E204469726563746F72792E4765744469726563746F72696573286469726563746F7279506174682C207365617263685061747465726E2C205365617263684F7074696F6E2E546F704469726563746F72794F6E6C79293B0D0A202020202020202020202020202020207D0D0A2020202020202020202020207D0D0A20202020202020202020202063617463682028494F457863657074696F6E206578290D0A2020202020202020202020207B0D0A202020202020202020202020202020207468726F772065783B0D0A2020202020202020202020207D0D0A20202020202020207D0D0A202020202020202023656E64726567696F6E0D0A202020202020202023726567696F6E20E59091E69687E69CACE69687E4BBB6E58699E585A5E58685E5AEB90D0A20202020202020202F2F2F203C73756D6D6172793E0D0A20202020202020202F2F2F20E59091E69687E69CACE69687E4BBB6E4B8ADE58699E585A5E58685E5AEB90D0A20202020202020202F2F2F203C2F73756D6D6172793E0D0A20202020202020202F2F2F203C706172616D206E616D653D2266696C6550617468223EE69687E4BBB6E79A84E7BB9DE5AFB9E8B7AFE5BE843C2F706172616D3E0D0A20202020202020202F2F2F203C706172616D206E616D653D2274657874223EE58699E585A5E79A84E58685E5AEB93C2F706172616D3E20202020202020200D0A20202020202020207075626C69632073746174696320766F69642057726974655465787428737472696E672066696C65506174682C20737472696E672074657874290D0A20202020202020207B0D0A2020202020202020202020205772697465546578742866696C65506174682C20746578742C20456E636F64696E672E55544638293B0D0A20202020202020207D0D0A20202020202020202F2F2F203C73756D6D6172793E0D0A20202020202020202F2F2F20E59091E69687E69CACE69687E4BBB6E4B8ADE58699E585A5E58685E5AEB90D0A20202020202020202F2F2F203C2F73756D6D6172793E0D0A20202020202020202F2F2F203C706172616D206E616D653D2266696C6550617468223EE69687E4BBB6E79A84E7BB9DE5AFB9E8B7AFE5BE843C2F706172616D3E0D0A20202020202020202F2F2F203C706172616D206E616D653D2274657874223EE58699E585A5E79A84E58685E5AEB93C2F706172616D3E0D0A20202020202020202F2F2F203C706172616D206E616D653D22656E636F64696E67223EE7BC96E7A0813C2F706172616D3E0D0A20202020202020207075626C69632073746174696320766F69642057726974655465787428737472696E672066696C65506174682C20737472696E6720746578742C20456E636F64696E6720656E636F64696E67290D0A20202020202020207B0D0A2020202020202020202020202F2FE59091E69687E4BBB6E58699E585A5E58685E5AEB90D0A20202020202020202020202046696C652E5772697465416C6C546578742866696C65506174682C20746578742C20656E636F64696E67293B0D0A20202020202020207D0D0A202020202020202023656E64726567696F6E0D0A202020202020202023726567696F6E20E59091E69687E69CACE69687E4BBB6E79A84E5B0BEE983A8E8BFBDE58AA0E58685E5AEB90D0A20202020202020202F2F2F203C73756D6D6172793E0D0A20202020202020202F2F2F20E59091E69687E69CACE69687E4BBB6E79A84E5B0BEE983A8E8BFBDE58AA0E58685E5AEB90D0A20202020202020202F2F2F203C2F73756D6D6172793E0D0A20202020202020202F2F2F203C706172616D206E616D653D2266696C6550617468223EE69687E4BBB6E79A84E7BB9DE5AFB9E8B7AFE5BE843C2F706172616D3E0D0A20202020202020202F2F2F203C706172616D206E616D653D2274657874223EE58699E585A5E79A84E58685E5AEB93C2F706172616D3E0D0A20202020202020207075626C69632073746174696320766F696420417070656E645465787428737472696E672066696C65506174682C20737472696E672074657874290D0A20202020202020207B0D0A2020202020202020202020202F2F3D3D3D3D3D3D3D20E8BFBDE58AA0E58685E5AEB9203D3D3D3D3D3D3D0D0A2020202020202020202020207472790D0A2020202020202020202020207B0D0A202020202020202020202020202020206C6F636B202873796E63290D0A202020202020202020202020202020207B0D0A20202020202020202020202020202020202020202F2FE5889BE5BBBAE6B581E58699E585A5E599A80D0A20202020202020202020202020202020202020207573696E67202853747265616D57726974657220777269746572203D206E65772053747265616D5772697465722866696C65506174682C207472756529290D0A20202020202020202020202020202020202020207B0D0A2020202020202020202020202020202020202020202020207772697465722E57726974654C696E652874657874293B0D0A20202020202020202020202020202020202020207D0D0A202020202020202020202020202020207D0D0A2020202020202020202020207D0D0A20202020202020202020202063617463680D0A2020202020202020202020207B0D0A2020202020202020202020207D0D0A20202020202020207D0D0A202020202020202023656E64726567696F6E0D0A202020202020202023726567696F6E20E5B086E78EB0E69C89E69687E4BBB6E79A84E58685E5AEB9E5A48DE588B6E588B0E696B0E69687E4BBB6E4B8AD0D0A20202020202020202F2F2F203C73756D6D6172793E0D0A20202020202020202F2F2F20E5B086E6BA90E69687E4BBB6E79A84E58685E5AEB9E5A48DE588B6E588B0E79BAEE6A087E69687E4BBB6E4B8AD0D0A20202020202020202F2F2F203C2F73756D6D6172793E0D0A20202020202020202F2F2F203C706172616D206E616D653D22736F7572636546696C6550617468223EE6BA90E69687E4BBB6E79A84E7BB9DE5AFB9E8B7AFE5BE843C2F706172616D3E0D0A20202020202020202F2F2F203C706172616D206E616D653D226465737446696C6550617468223EE79BAEE6A087E69687E4BBB6E79A84E7BB9DE5AFB9E8B7AFE5BE843C2F706172616D3E0D0A20202020202020207075626C69632073746174696320766F696420436F7079546F28737472696E6720736F7572636546696C65506174682C20737472696E67206465737446696C6550617468290D0A20202020202020207B0D0A2020202020202020202020202F2FE69C89E69588E680A7E6A380E6B58B0D0A20202020202020202020202069662028214973457869737446696C6528736F7572636546696C655061746829290D0A2020202020202020202020207B0D0A2020202020202020202020202020202072657475726E3B0D0A2020202020202020202020207D0D0A2020202020202020202020207472790D0A2020202020202020202020207B0D0A202020202020202020202020202020202F2FE6A380E6B58BE79BAEE6A087E69687E4BBB6E79A84E79BAEE5BD95E698AFE590A6E5AD98E59CA8EFBC8CE4B88DE5AD98E59CA8E58899E5889BE5BBBA0D0A20202020202020202020202020202020737472696E6720646573744469726563746F727950617468203D204765744469726563746F727946726F6D46696C6550617468286465737446696C6550617468293B0D0A202020202020202020202020202020204372656174654469726563746F727928646573744469726563746F727950617468293B0D0A202020202020202020202020202020202F2FE5A48DE588B6E69687E4BBB60D0A2020202020202020202020202020202053797374656D2E494F2E46696C65496E666F2066696C65203D206E65772053797374656D2E494F2E46696C65496E666F28736F7572636546696C6550617468293B0D0A2020202020202020202020202020202066696C652E436F7079546F286465737446696C65506174682C2074727565293B0D0A2020202020202020202020207D0D0A20202020202020202020202063617463680D0A2020202020202020202020207B0D0A2020202020202020202020207D0D0A20202020202020207D0D0A202020202020202023656E64726567696F6E0D0A202020202020202023726567696F6E20E5B086E69687E4BBB6E7A7BBE58AA8E588B0E68C87E5AE9AE79BAEE5BD952820E589AAE5888720290D0A20202020202020202F2F2F203C73756D6D6172793E0D0A20202020202020202F2F2F20E5B086E69687E4BBB6E7A7BBE58AA8E588B0E68C87E5AE9AE79BAEE5BD952820E589AAE5888720290D0A20202020202020202F2F2F203C2F73756D6D6172793E0D0A20202020202020202F2F2F203C706172616D206E616D653D22736F7572636546696C6550617468223EE99C80E8A681E7A7BBE58AA8E79A84E6BA90E69687E4BBB6E79A84E7BB9DE5AFB9E8B7AFE5BE843C2F706172616D3E0D0A20202020202020202F2F2F203C706172616D206E616D653D22646573634469726563746F727950617468223EE7A7BBE58AA8E588B0E79A84E79BAEE5BD95E79A84E7BB9DE5AFB9E8B7AFE5BE843C2F706172616D3E0D0A20202020202020207075626C69632073746174696320766F6964204D6F7665546F4469726563746F727928737472696E6720736F7572636546696C65506174682C20737472696E6720646573634469726563746F727950617468290D0A20202020202020207B0D0A2020202020202020202020202F2FE69C89E69588E680A7E6A380E6B58B0D0A20202020202020202020202069662028214973457869737446696C6528736F7572636546696C655061746829290D0A2020202020202020202020207B0D0A2020202020202020202020202020202072657475726E3B0D0A2020202020202020202020207D0D0A2020202020202020202020207472790D0A2020202020202020202020207B0D0A202020202020202020202020202020202F2FE88EB7E58F96E6BA90E69687E4BBB6E79A84E5908DE7A7B00D0A20202020202020202020202020202020737472696E6720736F7572636546696C654E616D65203D2047657446696C654E616D6528736F7572636546696C6550617468293B0D0A202020202020202020202020202020202F2FE5A682E69E9CE79BAEE6A087E79BAEE5BD95E4B88DE5AD98E59CA8E58899E5889BE5BBBA0D0A202020202020202020202020202020204372656174654469726563746F727928646573634469726563746F727950617468293B0D0A202020202020202020202020202020202F2FE5A682E69E9CE79BAEE6A087E4B8ADE5AD98E59CA8E5908CE5908DE69687E4BBB62CE58899E588A0E999A40D0A20202020202020202020202020202020696620284973457869737446696C6528646573634469726563746F727950617468202B20225C5C22202B20736F7572636546696C654E616D6529290D0A202020202020202020202020202020207B0D0A202020202020202020202020202020202020202044656C65746546696C6528646573634469726563746F727950617468202B20225C5C22202B20736F7572636546696C654E616D65293B0D0A202020202020202020202020202020207D0D0A202020202020202020202020202020202F2FE79BAEE6A087E69687E4BBB6E8B7AFE5BE840D0A20202020202020202020202020202020737472696E67206465736346696C65506174683B0D0A202020202020202020202020202020206966202821646573634469726563746F7279506174682E456E6473576974682840225C2229290D0A202020202020202020202020202020207B0D0A20202020202020202020202020202020202020206465736346696C6550617468203D20646573634469726563746F727950617468202B20225C5C22202B20736F7572636546696C654E616D653B0D0A202020202020202020202020202020207D0D0A20202020202020202020202020202020656C73650D0A202020202020202020202020202020207B0D0A20202020202020202020202020202020202020206465736346696C6550617468203D20646573634469726563746F727950617468202B20736F7572636546696C654E616D653B0D0A202020202020202020202020202020207D0D0A202020202020202020202020202020202F2FE5B086E69687E4BBB6E7A7BBE58AA8E588B0E68C87E5AE9AE79BAEE5BD950D0A2020202020202020202020202020202046696C652E4D6F766528736F7572636546696C65506174682C206465736346696C6550617468293B0D0A2020202020202020202020207D0D0A20202020202020202020202063617463680D0A2020202020202020202020207B0D0A2020202020202020202020207D0D0A20202020202020207D0D0A202020202020202023656E64726567696F6E0D0A202020202020202023726567696F6E20E5B086E69687E4BBB6E7A7BBE58AA8E588B0E68C87E5AE9AE79BAEE5BD95EFBC8CE5B9B6E68C87E5AE9AE696B0E79A84E69687E4BBB6E5908D2820E589AAE58887E5B9B6E694B9E5908D20290D0A20202020202020202F2F2F203C73756D6D6172793E0D0A20202020202020202F2F2F20E5B086E69687E4BBB6E7A7BBE58AA8E588B0E68C87E5AE9AE79BAEE5BD95EFBC8CE5B9B6E68C87E5AE9AE696B0E79A84E69687E4BBB6E5908D2820E589AAE58887E5B9B6E694B9E5908D20290D0A20202020202020202F2F2F203C2F73756D6D6172793E0D0A20202020202020202F2F2F203C706172616D206E616D653D22736F7572636546696C6550617468223EE99C80E8A681E7A7BBE58AA8E79A84E6BA90E69687E4BBB6E79A84E7BB9DE5AFB9E8B7AFE5BE843C2F706172616D3E0D0A20202020202020202F2F2F203C706172616D206E616D653D226465736346696C6550617468223EE79BAEE6A087E69687E4BBB6E79A84E7BB9DE5AFB9E8B7AFE5BE843C2F706172616D3E0D0A20202020202020207075626C69632073746174696320766F6964204D6F766528737472696E6720736F7572636546696C65506174682C20737472696E67206465736346696C6550617468290D0A20202020202020207B0D0A2020202020202020202020202F2FE69C89E69588E680A7E6A380E6B58B0D0A20202020202020202020202069662028214973457869737446696C6528736F7572636546696C655061746829290D0A2020202020202020202020207B0D0A2020202020202020202020202020202072657475726E3B0D0A2020202020202020202020207D0D0A2020202020202020202020207472790D0A2020202020202020202020207B0D0A202020202020202020202020202020202F2FE88EB7E58F96E79BAEE6A087E69687E4BBB6E79BAEE5BD950D0A20202020202020202020202020202020737472696E6720646573634469726563746F727950617468203D204765744469726563746F727946726F6D46696C6550617468286465736346696C6550617468293B0D0A202020202020202020202020202020202F2FE5889BE5BBBAE79BAEE6A087E79BAEE5BD950D0A202020202020202020202020202020204372656174654469726563746F727928646573634469726563746F727950617468293B0D0A202020202020202020202020202020202F2FE5B086E69687E4BBB6E7A7BBE58AA8E588B0E68C87E5AE9AE79BAEE5BD950D0A2020202020202020202020202020202046696C652E4D6F766528736F7572636546696C65506174682C206465736346696C6550617468293B0D0A2020202020202020202020207D0D0A20202020202020202020202063617463680D0A2020202020202020202020207B0D0A2020202020202020202020207D0D0A20202020202020207D0D0A202020202020202023656E64726567696F6E0D0A202020202020202023726567696F6E20E5B086E6B581E8AFBBE58F96E588B0E7BC93E586B2E58CBAE4B8AD0D0A20202020202020202F2F2F203C73756D6D6172793E0D0A20202020202020202F2F2F20E5B086E6B581E8AFBBE58F96E588B0E7BC93E586B2E58CBAE4B8AD0D0A20202020202020202F2F2F203C2F73756D6D6172793E0D0A20202020202020202F2F2F203C706172616D206E616D653D2273747265616D223EE58E9FE5A78BE6B5813C2F706172616D3E0D0A20202020202020207075626C69632073746174696320627974655B5D2053747265616D546F42797465732853747265616D2073747265616D290D0A20202020202020207B0D0A2020202020202020202020207472790D0A2020202020202020202020207B0D0A202020202020202020202020202020202F2FE5889BE5BBBAE7BC93E586B2E58CBA0D0A20202020202020202020202020202020627974655B5D20627566666572203D206E657720627974655B73747265616D2E4C656E6774685D3B0D0A202020202020202020202020202020202F2FE8AFBBE58F96E6B5810D0A2020202020202020202020202020202073747265616D2E52656164286275666665722C20302C20436F6E766572742E546F496E7433322873747265616D2E4C656E67746829293B0D0A202020202020202020202020202020202F2FE8BF94E59B9EE6B5810D0A2020202020202020202020202020202072657475726E206275666665723B0D0A2020202020202020202020207D0D0A20202020202020202020202063617463682028457863657074696F6E206578290D0A2020202020202020202020207B0D0A202020202020202020202020202020207468726F772065783B0D0A2020202020202020202020207D0D0A20202020202020202020202066696E616C6C790D0A2020202020202020202020207B0D0A202020202020202020202020202020202F2FE585B3E997ADE6B5810D0A2020202020202020202020202020202073747265616D2E436C6F736528293B0D0A2020202020202020202020207D0D0A20202020202020207D0D0A202020202020202023656E64726567696F6E0D0A202020202020202023726567696F6E20E5B086E69687E4BBB6E8AFBBE58F96E588B0E7BC93E586B2E58CBAE4B8AD0D0A20202020202020202F2F2F203C73756D6D6172793E0D0A20202020202020202F2F2F20E5B086E69687E4BBB6E8AFBBE58F96E588B0E7BC93E586B2E58CBAE4B8AD0D0A20202020202020202F2F2F203C2F73756D6D6172793E0D0A20202020202020202F2F2F203C706172616D206E616D653D2266696C6550617468223EE69687E4BBB6E79A84E7BB9DE5AFB9E8B7AFE5BE843C2F706172616D3E0D0A20202020202020207075626C69632073746174696320627974655B5D2046696C65546F427974657328737472696E672066696C6550617468290D0A20202020202020207B0D0A2020202020202020202020202F2FE88EB7E58F96E69687E4BBB6E79A84E5A4A7E5B08F200D0A202020202020202020202020696E742066696C6553697A65203D2047657446696C6553697A652866696C6550617468293B0D0A2020202020202020202020202F2FE5889BE5BBBAE4B880E4B8AAE4B8B4E697B6E7BC93E586B2E58CBA0D0A202020202020202020202020627974655B5D20627566666572203D206E657720627974655B66696C6553697A655D3B0D0A2020202020202020202020202F2FE5889BE5BBBAE4B880E4B8AAE69687E4BBB60D0A20202020202020202020202053797374656D2E494F2E46696C65496E666F2066696C65203D206E65772053797374656D2E494F2E46696C65496E666F2866696C6550617468293B0D0A2020202020202020202020202F2FE5889BE5BBBAE4B880E4B8AAE69687E4BBB6E6B5810D0A2020202020202020202020207573696E67202846696C6553747265616D206673203D2066696C652E4F70656E2846696C654D6F64652E4F70656E29290D0A2020202020202020202020207B0D0A202020202020202020202020202020202F2FE5B086E69687E4BBB6E6B581E8AFBBE585A5E7BC93E586B2E58CBA0D0A2020202020202020202020202020202066732E52656164286275666665722C20302C2066696C6553697A65293B0D0A2020202020202020202020202020202072657475726E206275666665723B0D0A2020202020202020202020207D0D0A20202020202020207D0D0A202020202020202023656E64726567696F6E0D0A202020202020202023726567696F6E20E5B086E69687E4BBB6E8AFBBE58F96E588B0E5AD97E7ACA6E4B8B2E4B8AD0D0A20202020202020202F2F2F203C73756D6D6172793E0D0A20202020202020202F2F2F20E5B086E69687E4BBB6E8AFBBE58F96E588B0E5AD97E7ACA6E4B8B2E4B8AD0D0A20202020202020202F2F2F203C2F73756D6D6172793E0D0A20202020202020202F2F2F203C706172616D206E616D653D2266696C6550617468223EE69687E4BBB6E79A84E7BB9DE5AFB9E8B7AFE5BE843C2F706172616D3E0D0A20202020202020207075626C69632073746174696320737472696E672046696C65546F537472696E6728737472696E672066696C6550617468290D0A20202020202020207B0D0A20202020202020202020202072657475726E2046696C65546F537472696E672866696C65506174682C20456E636F64696E672E55544638293B0D0A20202020202020207D0D0A20202020202020202F2F2F203C73756D6D6172793E0D0A20202020202020202F2F2F20E5B086E69687E4BBB6E8AFBBE58F96E588B0E5AD97E7ACA6E4B8B2E4B8AD0D0A20202020202020202F2F2F203C2F73756D6D6172793E0D0A20202020202020202F2F2F203C706172616D206E616D653D2266696C6550617468223EE69687E4BBB6E79A84E7BB9DE5AFB9E8B7AFE5BE843C2F706172616D3E0D0A20202020202020202F2F2F203C706172616D206E616D653D22656E636F64696E67223EE5AD97E7ACA6E7BC96E7A0813C2F706172616D3E0D0A20202020202020207075626C69632073746174696320737472696E672046696C65546F537472696E6728737472696E672066696C65506174682C20456E636F64696E6720656E636F64696E67290D0A20202020202020207B0D0A2020202020202020202020202F2FE5889BE5BBBAE6B581E8AFBBE58F96E599A80D0A20202020202020202020202053747265616D52656164657220726561646572203D206E65772053747265616D5265616465722866696C65506174682C20656E636F64696E67293B0D0A2020202020202020202020207472790D0A2020202020202020202020207B0D0A202020202020202020202020202020202F2FE8AFBBE58F96E6B5810D0A2020202020202020202020202020202072657475726E207265616465722E52656164546F456E6428293B0D0A2020202020202020202020207D0D0A20202020202020202020202063617463682028457863657074696F6E206578290D0A2020202020202020202020207B0D0A202020202020202020202020202020207468726F772065783B0D0A2020202020202020202020207D0D0A20202020202020202020202066696E616C6C790D0A2020202020202020202020207B0D0A202020202020202020202020202020202F2FE585B3E997ADE6B581E8AFBBE58F96E599A80D0A202020202020202020202020202020207265616465722E436C6F736528293B0D0A2020202020202020202020207D0D0A20202020202020207D0D0A202020202020202023656E64726567696F6E0D0A202020202020202023726567696F6E20E4BB8EE69687E4BBB6E79A84E7BB9DE5AFB9E8B7AFE5BE84E4B8ADE88EB7E58F96E69687E4BBB6E5908D2820E58C85E590ABE689A9E5B195E5908D20290D0A20202020202020202F2F2F203C73756D6D6172793E0D0A20202020202020202F2F2F20E4BB8EE69687E4BBB6E79A84E7BB9DE5AFB9E8B7AFE5BE84E4B8ADE88EB7E58F96E69687E4BBB6E5908D2820E58C85E590ABE689A9E5B195E5908D20290D0A20202020202020202F2F2F203C2F73756D6D6172793E0D0A20202020202020202F2F2F203C706172616D206E616D653D2266696C6550617468223EE69687E4BBB6E79A84E7BB9DE5AFB9E8B7AFE5BE843C2F706172616D3E20202020202020200D0A20202020202020207075626C69632073746174696320737472696E672047657446696C654E616D6528737472696E672066696C6550617468290D0A20202020202020207B0D0A2020202020202020202020202F2FE88EB7E58F96E69687E4BBB6E79A84E5908DE7A7B00D0A20202020202020202020202053797374656D2E494F2E46696C65496E666F206669203D206E65772053797374656D2E494F2E46696C65496E666F2866696C6550617468293B0D0A20202020202020202020202072657475726E2066692E4E616D653B0D0A20202020202020207D0D0A202020202020202023656E64726567696F6E0D0A202020202020202023726567696F6E20E4BB8EE69687E4BBB6E79A84E7BB9DE5AFB9E8B7AFE5BE84E4B8ADE88EB7E58F96E69687E4BBB6E5908D2820E4B88DE58C85E590ABE689A9E5B195E5908D20290D0A20202020202020202F2F2F203C73756D6D6172793E0D0A20202020202020202F2F2F20E4BB8EE69687E4BBB6E79A84E7BB9DE5AFB9E8B7AFE5BE84E4B8ADE88EB7E58F96E69687E4BBB6E5908D2820E4B88DE58C85E590ABE689A9E5B195E5908D20290D0A20202020202020202F2F2F203C2F73756D6D6172793E0D0A20202020202020202F2F2F203C706172616D206E616D653D2266696C6550617468223EE69687E4BBB6E79A84E7BB9DE5AFB9E8B7AFE5BE843C2F706172616D3E20202020202020200D0A20202020202020207075626C69632073746174696320737472696E672047657446696C654E616D654E6F457874656E73696F6E28737472696E672066696C6550617468290D0A20202020202020207B0D0A2020202020202020202020202F2FE88EB7E58F96E69687E4BBB6E79A84E5908DE7A7B00D0A20202020202020202020202053797374656D2E494F2E46696C65496E666F206669203D206E65772053797374656D2E494F2E46696C65496E666F2866696C6550617468293B0D0A20202020202020202020202072657475726E2066692E4E616D652E53706C697428272E27295B305D3B0D0A20202020202020207D0D0A202020202020202023656E64726567696F6E0D0A202020202020202023726567696F6E20E4BB8EE69687E4BBB6E79A84E7BB9DE5AFB9E8B7AFE5BE84E4B8ADE88EB7E58F96E689A9E5B195E5908D0D0A20202020202020202F2F2F203C73756D6D6172793E0D0A20202020202020202F2F2F20E4BB8EE69687E4BBB6E79A84E7BB9DE5AFB9E8B7AFE5BE84E4B8ADE88EB7E58F96E689A9E5B195E5908D0D0A20202020202020202F2F2F203C2F73756D6D6172793E0D0A20202020202020202F2F2F203C706172616D206E616D653D2266696C6550617468223EE69687E4BBB6E79A84E7BB9DE5AFB9E8B7AFE5BE843C2F706172616D3E20202020202020200D0A20202020202020207075626C69632073746174696320737472696E6720476574457874656E73696F6E28737472696E672066696C6550617468290D0A20202020202020207B0D0A2020202020202020202020202F2FE88EB7E58F96E69687E4BBB6E79A84E5908DE7A7B00D0A20202020202020202020202053797374656D2E494F2E46696C65496E666F206669203D206E65772053797374656D2E494F2E46696C65496E666F2866696C6550617468293B0D0A20202020202020202020202072657475726E2066692E457874656E73696F6E3B0D0A20202020202020207D0D0A202020202020202023656E64726567696F6E0D0A202020202020202023726567696F6E20E6B885E7A9BAE68C87E5AE9AE79BAEE5BD950D0A20202020202020202F2F2F203C73756D6D6172793E0D0A20202020202020202F2F2F20E6B885E7A9BAE68C87E5AE9AE79BAEE5BD95E4B88BE68980E69C89E69687E4BBB6E58F8AE5AD90E79BAEE5BD952CE4BD86E8AFA5E79BAEE5BD95E4BE9DE784B6E4BF9DE5AD982E0D0A20202020202020202F2F2F203C2F73756D6D6172793E0D0A20202020202020202F2F2F203C706172616D206E616D653D226469726563746F727950617468223EE68C87E5AE9AE79BAEE5BD95E79A84E7BB9DE5AFB9E8B7AFE5BE843C2F706172616D3E0D0A20202020202020207075626C69632073746174696320766F696420436C6561724469726563746F727928737472696E67206469726563746F727950617468290D0A20202020202020207B0D0A20202020202020202020202069662028497345786973744469726563746F7279286469726563746F72795061746829290D0A2020202020202020202020207B0D0A202020202020202020202020202020202F2FE588A0E999A4E79BAEE5BD95E4B8ADE68980E69C89E79A84E69687E4BBB60D0A20202020202020202020202020202020737472696E675B5D2066696C654E616D6573203D2047657446696C654E616D6573286469726563746F727950617468293B0D0A20202020202020202020202020202020666F722028696E742069203D20303B2069203C2066696C654E616D65732E4C656E6774683B20692B2B290D0A202020202020202020202020202020207B0D0A202020202020202020202020202020202020202044656C65746546696C652866696C654E616D65735B695D293B0D0A202020202020202020202020202020207D0D0A202020202020202020202020202020202F2FE588A0E999A4E79BAEE5BD95E4B8ADE68980E69C89E79A84E5AD90E79BAEE5BD950D0A20202020202020202020202020202020737472696E675B5D206469726563746F72794E616D6573203D204765744469726563746F72696573286469726563746F727950617468293B0D0A20202020202020202020202020202020666F722028696E742069203D20303B2069203C206469726563746F72794E616D65732E4C656E6774683B20692B2B290D0A202020202020202020202020202020207B0D0A202020202020202020202020202020202020202044656C6574654469726563746F7279286469726563746F72794E616D65735B695D293B0D0A202020202020202020202020202020207D0D0A2020202020202020202020207D0D0A20202020202020207D0D0A202020202020202023656E64726567696F6E0D0A202020202020202023726567696F6E20E6B885E7A9BAE69687E4BBB6E58685E5AEB90D0A20202020202020202F2F2F203C73756D6D6172793E0D0A20202020202020202F2F2F20E6B885E7A9BAE69687E4BBB6E58685E5AEB90D0A20202020202020202F2F2F203C2F73756D6D6172793E0D0A20202020202020202F2F2F203C706172616D206E616D653D2266696C6550617468223EE69687E4BBB6E79A84E7BB9DE5AFB9E8B7AFE5BE843C2F706172616D3E0D0A20202020202020207075626C69632073746174696320766F696420436C65617246696C6528737472696E672066696C6550617468290D0A20202020202020207B0D0A2020202020202020202020202F2FE588A0E999A4E69687E4BBB60D0A20202020202020202020202046696C652E44656C6574652866696C6550617468293B0D0A2020202020202020202020202F2FE9878DE696B0E5889BE5BBBAE8AFA5E69687E4BBB60D0A20202020202020202020202043726561746546696C652866696C6550617468293B0D0A20202020202020207D0D0A202020202020202023656E64726567696F6E0D0A202020202020202023726567696F6E20E588A0E999A4E68C87E5AE9AE69687E4BBB60D0A20202020202020202F2F2F203C73756D6D6172793E0D0A20202020202020202F2F2F20E588A0E999A4E68C87E5AE9AE69687E4BBB60D0A20202020202020202F2F2F203C2F73756D6D6172793E0D0A20202020202020202F2F2F203C706172616D206E616D653D2266696C6550617468223EE69687E4BBB6E79A84E7BB9DE5AFB9E8B7AFE5BE843C2F706172616D3E0D0A20202020202020207075626C69632073746174696320766F69642044656C65746546696C6528737472696E672066696C6550617468290D0A20202020202020207B0D0A202020202020202020202020696620284973457869737446696C652866696C655061746829290D0A2020202020202020202020207B0D0A2020202020202020202020202020202046696C652E44656C6574652866696C6550617468293B0D0A2020202020202020202020207D0D0A20202020202020207D0D0A202020202020202023656E64726567696F6E0D0A202020202020202023726567696F6E20E588A0E999A4E68C87E5AE9AE79BAEE5BD950D0A20202020202020202F2F2F203C73756D6D6172793E0D0A20202020202020202F2F2F20E588A0E999A4E68C87E5AE9AE79BAEE5BD95E58F8AE585B6E68980E69C89E5AD90E79BAEE5BD950D0A20202020202020202F2F2F203C2F73756D6D6172793E0D0A20202020202020202F2F2F203C706172616D206E616D653D226469726563746F727950617468223EE68C87E5AE9AE79BAEE5BD95E79A84E7BB9DE5AFB9E8B7AFE5BE843C2F706172616D3E0D0A20202020202020207075626C69632073746174696320766F69642044656C6574654469726563746F727928737472696E67206469726563746F727950617468290D0A20202020202020207B0D0A20202020202020202020202069662028497345786973744469726563746F7279286469726563746F72795061746829290D0A2020202020202020202020207B0D0A202020202020202020202020202020204469726563746F72792E44656C657465286469726563746F7279506174682C2074727565293B0D0A2020202020202020202020207D0D0A20202020202020207D0D0A202020202020202023656E64726567696F6E0D0A202020202020202023726567696F6E20E58699E69687E4BBB60D0A20202020202020202F2F2F203C73756D6D6172793E0D0A20202020202020202F2F2F20E58699E69687E4BBB60D0A20202020202020202F2F2F203C2F73756D6D6172793E0D0A20202020202020202F2F2F203C706172616D206E616D653D2273747246696C6550617468223E3C2F706172616D3E0D0A20202020202020202F2F2F203C706172616D206E616D653D2273747256616C7565223E3C2F706172616D3E0D0A20202020202020207075626C69632073746174696320766F696420577269746546696C6528737472696E672073747246696C65506174682C20737472696E672073747256616C7565290D0A20202020202020207B0D0A20202020202020202020202053797374656D2E494F2E46696C65496E666F206F46696C65203D206E65772053797374656D2E494F2E46696C65496E666F2873747246696C6550617468293B0D0A20202020202020202020202069662028216F46696C652E4469726563746F72792E457869737473290D0A202020202020202020202020202020206F46696C652E4469726563746F72792E43726561746528293B0D0A20202020202020202020202069662028216F46696C652E457869737473290D0A202020202020202020202020202020206F46696C652E43726561746528292E436C6F736528293B0D0A20202020202020202020202053797374656D2E494F2E53747265616D577269746572206F5772697465203D206E65772053747265616D5772697465722873747246696C65506174682C2066616C73652C2053797374656D2E546578742E456E636F64696E672E55544638293B0D0A2020202020202020202020206F57726974652E57726974652873747256616C7565293B0D0A2020202020202020202020206F57726974652E466C75736828293B0D0A2020202020202020202020206F57726974652E436C6F736528293B0D0A20202020202020207D0D0A20202020202020202F2F2F203C73756D6D6172793E0D0A20202020202020202F2F2F20E58699E69687E4BBB60D0A20202020202020202F2F2F203C2F73756D6D6172793E0D0A20202020202020202F2F2F203C706172616D206E616D653D2273747246696C6550617468223E3C2F706172616D3E0D0A20202020202020202F2F2F203C706172616D206E616D653D2273747256616C7565223E3C2F706172616D3E0D0A20202020202020202F2F2F203C706172616D206E616D653D2263686172736574223E3C2F706172616D3E0D0A20202020202020207075626C69632073746174696320766F696420577269746546696C6528737472696E672073747246696C65506174682C20737472696E672073747256616C75652C20737472696E672063686172736574290D0A20202020202020207B0D0A20202020202020202020202053797374656D2E494F2E46696C65496E666F206F46696C65203D206E65772053797374656D2E494F2E46696C65496E666F2873747246696C6550617468293B0D0A20202020202020202020202069662028216F46696C652E4469726563746F72792E457869737473290D0A202020202020202020202020202020206F46696C652E4469726563746F72792E43726561746528293B0D0A20202020202020202020202069662028216F46696C652E457869737473290D0A202020202020202020202020202020206F46696C652E43726561746528292E436C6F736528293B0D0A20202020202020202020202053797374656D2E494F2E53747265616D577269746572206F5772697465203D206E65772053747265616D5772697465722873747246696C65506174682C2066616C73652C2053797374656D2E546578742E456E636F64696E672E476574456E636F64696E67286368617273657429293B0D0A2020202020202020202020206F57726974652E57726974652873747256616C7565293B0D0A2020202020202020202020206F57726974652E466C75736828293B0D0A2020202020202020202020206F57726974652E436C6F736528293B0D0A20202020202020207D0D0A202020202020202023656E64726567696F6E0D0A202020202020202023726567696F6E20E6A0B9E68DAEE8B7AFE5BE84E5BE97E588B0E69687E4BBB6E6B5810D0A20202020202020202F2F2F203C73756D6D6172793E0D0A20202020202020202F2F2F20E6A0B9E68DAEE8B7AFE5BE84E5BE97E588B0E69687E4BBB6E6B5810D0A20202020202020202F2F2F203C2F73756D6D6172793E0D0A20202020202020202F2F2F203C706172616D206E616D653D2273747246696C6550617468223E3C2F706172616D3E0D0A20202020202020202F2F2F203C706172616D206E616D653D2273747256616C7565223E3C2F706172616D3E0D0A20202020202020207075626C69632073746174696320627974655B5D2047657446696C65537265616D28737472696E672050617468290D0A20202020202020207B0D0A202020202020202020202020627974655B5D20627566666572203D206E756C6C3B0D0A2020202020202020202020207573696E67202846696C6553747265616D2073747265616D203D206E65772053797374656D2E494F2E46696C65496E666F2850617468292E4F70656E526561642829290D0A2020202020202020202020207B0D0A20202020202020202020202020202020627566666572203D206E657720627974655B73747265616D2E4C656E6774685D3B0D0A2020202020202020202020202020202073747265616D2E52656164286275666665722C20302C20436F6E766572742E546F496E7433322873747265616D2E4C656E67746829293B0D0A2020202020202020202020207D0D0A20202020202020202020202072657475726E206275666665723B0D0A20202020202020207D0D0A202020202020202023656E64726567696F6E0D0A202020202020202023726567696F6E20E59088E5B9B6E8B7AFE5BE840D0A20202020202020202F2F2F203C73756D6D6172793E0D0A20202020202020202F2F2F20E68C89E695B0E9A1BAE5BA8FE59088E5B9B655524C0D0A20202020202020202F2F2F203C2F73756D6D6172793E0D0A20202020202020202F2F2F203C706172616D206E616D653D2275726C223E3C2F706172616D3E0D0A20202020202020202F2F2F203C72657475726E733E3C2F72657475726E733E0D0A20202020202020207075626C69632073746174696320737472696E67204D6572676555726C28706172616D7320737472696E675B5D2075726C73290D0A20202020202020207B0D0A2020202020202020202020206966202875726C73203D3D206E756C6C207C7C2075726C732E4C656E677468203D3D2030290D0A2020202020202020202020207B0D0A2020202020202020202020202020202072657475726E206E756C6C3B0D0A2020202020202020202020207D0D0A202020202020202020202020656C7365206966202875726C732E4C656E677468203D3D2031290D0A2020202020202020202020207B0D0A2020202020202020202020202020202072657475726E2075726C735B305D3B0D0A2020202020202020202020207D0D0A202020202020202020202020537472696E674275696C64657220726576616C203D206E657720537472696E674275696C64657228293B0D0A202020202020202020202020696E742069203D20303B0D0A2020202020202020202020206368617220736C617368203D20275C5C273B0D0A202020202020202020202020696620282175726C732E416E79286974203D3E2069742E436F6E7461696E7328736C6173682E546F537472696E6728292929290D0A2020202020202020202020207B0D0A20202020202020202020202020202020736C617368203D20272F273B0D0A2020202020202020202020207D0D0A202020202020202020202020666F726561636820287661722075726C20696E2075726C73290D0A2020202020202020202020207B0D0A20202020202020202020202020202020737472696E6720697455726C203D2075726C3B0D0A202020202020202020202020202020207661722069734669727374203D2069203D3D20303B0D0A202020202020202020202020202020207661722069734C617374203D2069203D3D2075726C732E4C656E677468202D20313B0D0A20202020202020202020202020202020696620282169734669727374290D0A202020202020202020202020202020207B0D0A2020202020202020202020202020202020202020697455726C203D20697455726C2E5472696D537461727428736C617368293B0D0A202020202020202020202020202020207D0D0A20202020202020202020202020202020696620282169734C617374290D0A202020202020202020202020202020207B0D0A2020202020202020202020202020202020202020697455726C203D2075726C2E5472696D456E6428736C61736829202B20736C6173683B0D0A202020202020202020202020202020207D0D0A202020202020202020202020202020202B2B693B0D0A20202020202020202020202020202020726576616C2E417070656E6428697455726C293B0D0A20202020202020202020202020202020697455726C203D206E756C6C3B0D0A2020202020202020202020207D0D0A20202020202020202020202072657475726E20726576616C2E546F537472696E6728293B0D0A20202020202020207D200D0A202020202020202023656E64726567696F6E0D0A202020207D0D0A7D0D0A, '业务', '0', '2021-08-07 23:12:29', '\0');

-- ----------------------------
-- Table structure for templatetype
-- ----------------------------
DROP TABLE IF EXISTS `templatetype`;
CREATE TABLE `templatetype` (
  `Id` int(11) NOT NULL AUTO_INCREMENT,
  `Name` varchar(255) COLLATE utf8_bin NOT NULL,
  PRIMARY KEY (`Id`) USING BTREE
) ENGINE=InnoDB AUTO_INCREMENT=4 DEFAULT CHARSET=utf8 COLLATE=utf8_bin ROW_FORMAT=DYNAMIC;

-- ----------------------------
-- Records of templatetype
-- ----------------------------
INSERT INTO `templatetype` VALUES ('1', '实体');
INSERT INTO `templatetype` VALUES ('2', '业务');
INSERT INTO `templatetype` VALUES ('3', 'Web');
